"Column Labels:","ID","Index","Records Classification","Created On","Created By","Description","Data Retention in Years","Data Rentention Condition","Is Group","Old Parent","Parent GRDS"
"","""AMR""","AMR","Administrative and Management Records","2025-02-14 14:54:06.459527","Administrator","","","",1,"",""
"","""AMR-1""","AMR-1","Acknowledgement Receipts","2025-02-17 08:19:58.233261","Administrator","","1","",0,"AMR","AMR"
"","""AMR-2""","AMR-2","Anti-Red Tape Authority (ARTA) Records","2025-02-17 08:19:58.243753","Administrator","","2","after superseded",0,"AMR","AMR"
"","""AMR-3""","AMR-3","Brochures / Leaflets / Pamphlets (About or by the Agency)","2025-02-17 08:19:58.249911","Administrator","","1","provided 1 copy is retained for reference",0,"AMR","AMR"
"","""AMR-4""","AMR-4","Calendars / Schedules of Activities or Events","2025-02-17 08:19:58.255481","Administrator","","1","",0,"AMR","AMR"
"","""AMR-5""","AMR-5","Certificates","2025-02-17 08:19:58.261560","Administrator","","","",1,"AMR","AMR"
"","""AMR-5.1""","AMR-5.1","Apperances","2025-02-17 08:34:02.228515","Administrator","","1","",0,"AMR-5","AMR-5"
"","""AMR-5.2""","AMR-5.2","Disposal of Valueless Records with Supporting Documents","2025-02-17 08:34:02.248191","Administrator","","Permanent","",0,"AMR-5","AMR-5"
"","""AMR-5.3""","AMR-5.3","Travel Completed","2025-02-17 08:34:02.261281","Administrator","","1","",0,"AMR-5","AMR-5"
"","""AMR-6""","AMR-6","Certifications","2025-02-17 08:19:58.267097","Administrator","","1","",0,"AMR","AMR"
"","""AMR-7""","AMR-7","Charts","2025-02-17 08:19:58.272895","Administrator","","Permanent","",1,"AMR","AMR"
"","""AMR-7.1""","AMR-7.1","Functional","2025-02-17 08:34:02.272245","Administrator","","","",0,"AMR-7","AMR-7"
"","""AMR-7.2""","AMR-7.2","Organizational","2025-02-17 08:34:02.282629","Administrator","","","",0,"AMR-7","AMR-7"
"","""AMR-8""","AMR-8","Correspondence","2025-02-17 08:19:58.278869","Administrator","","","",1,"AMR","AMR"
"","""AMR-8.1""","AMR-8.1","Non-Routine","2025-02-17 08:34:02.292097","Administrator","","","To be filled with appropriate record series and should follow the retention period in which records are attached",0,"AMR-8","AMR-8"
"","""AMR-8.2""","AMR-8.2","Routine","2025-02-17 08:34:02.301699","Administrator","","2","after acted upon",0,"AMR-8","AMR-8"
"","""AMR-9""","AMR-9","Customer Feedback Surveys","2025-02-17 08:19:58.284615","Administrator","","1","after evaluated",0,"AMR","AMR"
"","""AMR-10""","AMR-10","Directories of Employees / Officials","2025-02-17 08:19:58.290437","Administrator","","2","after updated",0,"AMR","AMR"
"","""AMR-11""","AMR-11","Endorsements","2025-02-17 08:19:58.295728","Administrator","","0.5","or to be filed with appropriate records series",0,"AMR","AMR"
"","""AMR-12""","AMR-12","Feasibility Studies","2025-02-17 08:19:58.300945","Administrator","","Permanent","if implemented, otherwise dispose after 5 years from date record",0,"AMR","AMR"
"","""AMR-13""","AMR-13","Freedom of Information Files","2025-02-17 08:19:58.306529","Administrator","","","",1,"AMR","AMR"
"","""AMR-13.1""","AMR-13.1","Appeals","2025-02-17 08:34:02.311221","Administrator","","2","after acted upon/ settled",0,"AMR-13","AMR-13"
"","""AMR-13.2""","AMR-13.2","Manual","2025-02-17 08:34:02.320646","Administrator","","Permanent","other copies can be disposed of 2 years after revised/ superseded",0,"AMR-13","AMR-13"
"","""AMR-13.3""","AMR-13.3","Report","2025-02-17 08:34:02.334811","Administrator","","1","after incorporated in the Annual Report",0,"AMR-13","AMR-13"
"","""AMR-13.4""","AMR-13.4","Request","2025-02-17 08:34:02.348563","Administrator","","1","after acted upon",0,"AMR-13","AMR-13"
"","""AMR-14""","AMR-14","Gate Passes","2025-02-17 08:19:58.311577","Administrator","","0.5","",0,"AMR","AMR"
"","""AMR-15""","AMR-15","Health Declaration / Contact Tracing","2025-02-17 08:19:58.316675","Administrator","","0.25","after ecaluated",0,"AMR","AMR"
"","""AMR-16""","AMR-16","Inquiries","2025-02-17 08:19:58.322031","Administrator","","2","after acted upon",0,"AMR","AMR"
"","""AMR-17""","AMR-17","International Organization for Standardization Files","2025-02-17 08:19:58.327407","Administrator","","","",1,"AMR","AMR"
"","""AMR-17.1""","AMR-17.1","Documented Information Maintained","2025-02-17 08:34:02.358420","Administrator","","","",1,"AMR-17","AMR-17"
"","""AMR-17.1.1""","AMR-17.1.1","Code of Practice / Procedure","2025-02-17 08:53:46.603044","Administrator","","Permanent","other copies can be disposed of 2 years after revised/ superseded",0,"AMR-17.1","AMR-17.1"
"","""AMR-17.1.2""","AMR-17.1.2","Forms","2025-02-17 08:53:46.618981","Administrator","","1","after revised/ superseded",0,"AMR-17.1","AMR-17.1"
"","""AMR-17.1.3""","AMR-17.1.3","Plans","2025-02-17 08:53:46.629234","Administrator","","","",1,"AMR-17.1","AMR-17.1"
"","""AMR-17.1.3.1""","AMR-17.1.3.1","Action","2025-02-17 08:54:15.256810","Administrator","","3","after implemented",0,"AMR-17.1.3","AMR-17.1.3"
"","""AMR-17.1.3.2""","AMR-17.1.3.2","Quality","2025-02-17 08:54:15.273427","Administrator","","2","after superseded",0,"AMR-17.1.3","AMR-17.1.3"
"","""AMR-17.1.4""","AMR-17.1.4","Quality Manual/Policy","2025-02-17 08:53:46.638331","Administrator","","Permanent","other copies can be disposed of 2 years after superseded",0,"AMR-17.1","AMR-17.1"
"","""AMR-17.2""","AMR-17.2","Documented Information Retained","2025-02-17 08:34:02.368378","Administrator","","","",1,"AMR-17","AMR-17"
"","""AMR-17.2.1""","AMR-17.2.1","Quality Objectives","2025-02-17 08:53:46.647939","Administrator","","","",1,"AMR-17.2","AMR-17.2"
"","""AMR-17.2.1.1""","AMR-17.2.1.1","Functional Quality and Action Plan","2025-02-17 08:54:15.283781","Administrator","","3","after superseded",0,"AMR-17.2.1","AMR-17.2.1"
"","""AMR-17.2.1.2""","AMR-17.2.1.2","Top Level and Functional","2025-02-17 08:54:15.292966","Administrator","","3","after superseded",0,"AMR-17.2.1","AMR-17.2.1"
"","""AMR-17.2.2""","AMR-17.2.2","Auditor/Auditee Evaluation","2025-02-17 08:53:46.656405","Administrator","","2","",0,"AMR-17.2","AMR-17.2"
"","""AMR-17.2.3""","AMR-17.2.3","Competency Gap Assessment for Auditors","2025-02-17 08:53:46.665910","Administrator","","2","",0,"AMR-17.2","AMR-17.2"
"","""AMR-17.2.4""","AMR-17.2.4","Conference Notice","2025-02-17 08:53:46.675454","Administrator","","1","",0,"AMR-17.2","AMR-17.2"
"","""AMR-17.2.5""","AMR-17.2.5","Context of the Organization Logs (COTO)","2025-02-17 08:53:46.689475","Administrator","","","",1,"AMR-17.2","AMR-17.2"
"","""AMR-17.2.5.1""","AMR-17.2.5.1","Feedback Mechanism/Customer Satisfaction Survey/Issue Logs","2025-02-17 08:54:15.301588","Administrator","","3","after evaluated",0,"AMR-17.2.5","AMR-17.2.5"
"","""AMR-17.2.5.2""","AMR-17.2.5.2","Stakeholder's Analysis/Requirements","2025-02-17 08:54:15.310144","Administrator","","3","",0,"AMR-17.2.5","AMR-17.2.5"
"","""AMR-17.2.5.3""","AMR-17.2.5.3","Strengths, Weaknesses, Opportunities, Threats (SWOT)","2025-02-17 08:54:15.318241","Administrator","","1","",0,"AMR-17.2.5","AMR-17.2.5"
"","""AMR-17.2.6""","AMR-17.2.6","Document Review and Approval Record","2025-02-17 08:53:46.700103","Administrator","","3","",0,"AMR-17.2","AMR-17.2"
"","""AMR-17.2.7""","AMR-17.2.7","Masterlists","2025-02-17 08:53:46.712548","Administrator","","Permanent","",0,"AMR-17.2","AMR-17.2"
"","""AMR-17.2.8""","AMR-17.2.8","Minutes of Management Review/IQA Meeting","2025-02-17 08:53:46.726463","Administrator","","4","",0,"AMR-17.2","AMR-17.2"
"","""AMR-17.2.9""","AMR-17.2.9","Non-Conformity Matrix","2025-02-17 08:53:46.739965","Administrator","","2","",0,"AMR-17.2","AMR-17.2"
"","""AMR-17.2.10""","AMR-17.2.10","Quality References (QR)","2025-02-17 08:53:46.750586","Administrator","","3","",0,"AMR-17.2","AMR-17.2"
"","""AMR-17.2.11""","AMR-17.2.11","Reports","2025-02-17 08:53:46.759581","Administrator","","","",1,"AMR-17.2","AMR-17.2"
"","""AMR-17.2.11.1""","AMR-17.2.11.1","External/Internal Quality Audit (IQA)","2025-02-17 08:54:15.327686","Administrator","","4","",0,"AMR-17.2.11","AMR-17.2.11"
"","""AMR-17.2.11.2""","AMR-17.2.11.2","IQA Status","2025-02-17 08:54:15.336089","Administrator","","2","",0,"AMR-17.2.11","AMR-17.2.11"
"","""AMR-17.2.11.3""","AMR-17.2.11.3","Key Performance Measures Summary/Graph Analysis","2025-02-17 08:54:15.344449","Administrator","","3","",0,"AMR-17.2.11","AMR-17.2.11"
"","""AMR-17.2.11.4""","AMR-17.2.11.4","Monthly Accomplishment/Summary","2025-02-17 08:54:15.352191","Administrator","","3","",0,"AMR-17.2.11","AMR-17.2.11"
"","""AMR-17.2.11.5""","AMR-17.2.11.5","Non-Compliance and Corrective Action","2025-02-17 08:54:15.360490","Administrator","","4","",0,"AMR-17.2.11","AMR-17.2.11"
"","""AMR-17.2.11.6""","AMR-17.2.11.6","Quality Workplace Evaluation","2025-02-17 08:54:15.368426","Administrator","","2","",0,"AMR-17.2.11","AMR-17.2.11"
"","""AMR-17.2.11.7""","AMR-17.2.11.7","Root Cause Analysis","2025-02-17 08:54:15.378898","Administrator","","2","",0,"AMR-17.2.11","AMR-17.2.11"
"","""AMR-17.2.12""","AMR-17.2.12","Risk/Opportunity Assessment Register","2025-02-17 08:53:46.771621","Administrator","","3","",0,"AMR-17.2","AMR-17.2"
"","""AMR-17.3""","AMR-17.3","ISO Certifications","2025-02-17 08:34:02.380586","Administrator","","Permanent","other copies can be disposed of 2 years after expired/ renewed",0,"AMR-17","AMR-17"
"","""AMR-18""","AMR-18","Issuances","2025-02-17 08:19:58.332459","Administrator","","","",1,"AMR","AMR"
"","""AMR-18.1""","AMR-18.1","Issued by or for the head of agency documenting policies/functions/programs of the agency","2025-02-17 08:34:02.389437","Administrator","","Permanent","",0,"AMR-18","AMR-18"
"","""AMR-18.2""","AMR-18.2","Issued by or for the head of agency reflecting routinary information or instruction","2025-02-17 08:34:02.399115","Administrator","","2","after updated",0,"AMR-18","AMR-18"
"","""AMR-19""","AMR-19","Lists","2025-02-17 08:19:58.337526","Administrator","","","",1,"AMR","AMR"
"","""AMR-19.1""","AMR-19.1","Associations","2025-02-17 08:34:02.407352","Administrator","","1","",0,"AMR-19","AMR-19"
"","""AMR-19.2""","AMR-19.2","Committees","2025-02-17 08:34:02.415914","Administrator","","1","",0,"AMR-19","AMR-19"
"","""AMR-19.3""","AMR-19.3","Cooperatives","2025-02-17 08:34:02.424548","Administrator","","1","",0,"AMR-19","AMR-19"
"","""AMR-19.4""","AMR-19.4","Donors","2025-02-17 08:34:02.433605","Administrator","","1","",0,"AMR-19","AMR-19"
"","""AMR-19.5""","AMR-19.5","Mailings","2025-02-17 08:34:02.442840","Administrator","","1","",0,"AMR-19","AMR-19"
"","""AMR-20""","AMR-20","Logbooks","2025-02-17 08:19:58.342514","Administrator","","","",1,"AMR","AMR"
"","""AMR-20.1""","AMR-20.1","Incoming/Outgoing Correspondence","2025-02-17 08:34:02.451424","Administrator","","2","after date of last entry",0,"AMR-20","AMR-20"
"","""AMR-20.2""","AMR-20.2","Visitors","2025-02-17 08:34:02.459479","Administrator","","","",1,"AMR-20","AMR-20"
"","""AMR-20.2.1""","AMR-20.2.1","Ordinary","2025-02-17 08:53:46.783099","Administrator","","2","after date of last entry",0,"AMR-20.2","AMR-20.2"
"","""AMR-20.2.2""","AMR-20.2.2","Very Important Persons","2025-02-17 08:53:46.792812","Administrator","","Permanent","",0,"AMR-20.2","AMR-20.2"
"","""AMR-21""","AMR-21","Manuals of Operation","2025-02-17 08:19:58.347858","Administrator","","Permanent","other copies can be disposed of 2 years after revised/ superseded",0,"AMR","AMR"
"","""AMR-22""","AMR-22","Meetings/Proceedings Files","2025-02-17 08:19:58.353391","Administrator","","","",1,"AMR","AMR"
"","""AMR-22.1""","AMR-22.1","Agenda","2025-02-17 08:34:02.469246","Administrator","","1","",0,"AMR-22","AMR-22"
"","""AMR-22.2""","AMR-22.2","Minutes","2025-02-17 08:34:02.480279","Administrator","","","",1,"AMR-22","AMR-22"
"","""AMR-22.2.1""","AMR-22.2.1","Audio Recordinggs","2025-02-17 08:53:46.803608","Administrator","","1","after final minuest is prepared and approved by the committee",0,"AMR-22.2","AMR-22.2"
"","""AMR-22.2.2""","AMR-22.2.2","Board/Executive Committee","2025-02-17 08:53:46.812220","Administrator","","Permanent","",0,"AMR-22.2","AMR-22.2"
"","""AMR-22.2.3""","AMR-22.2.3","Staff","2025-02-17 08:53:46.821412","Administrator","","1","",0,"AMR-22.2","AMR-22.2"
"","""AMR-22.3""","AMR-22.3","Notices","2025-02-17 08:34:02.490727","Administrator","","1","",0,"AMR-22","AMR-22"
"","""AMR-23""","AMR-23","Official Gazettes","2025-02-17 08:19:58.358339","Administrator","","Permanent","",0,"AMR","AMR"
"","""AMR-24""","AMR-24","Plans","2025-02-17 08:19:58.363758","Administrator","","","",1,"AMR","AMR"
"","""AMR-24.1""","AMR-24.1","Action/Work","2025-02-17 08:34:02.503284","Administrator","","3","after implemented",0,"AMR-24","AMR-24"
"","""AMR-24.2""","AMR-24.2","Strategic","2025-02-17 08:34:02.514929","Administrator","","3","after implemented",0,"AMR-24","AMR-24"
"","""AMR-25""","AMR-25","Press Releases (About or by the Agency)","2025-02-17 08:19:58.368996","Administrator","","Permanent","",0,"AMR","AMR"
"","""AMR-26""","AMR-26","Proposals","2025-02-17 08:19:58.374577","Administrator","","Permanent","if implemented, otherwise dispose after 5 years from the date of record",0,"AMR","AMR"
"","""AMR-27""","AMR-27","Publications (Record Set)","2025-02-17 08:19:58.380267","Administrator","","Permanent","",0,"AMR","AMR"
"","""AMR-28""","AMR-28","Reorganization Records","2025-02-17 08:19:58.386698","Administrator","","Permanent","",0,"AMR","AMR"
"","""AMR-29""","AMR-29","Reports","2025-02-17 08:19:58.392566","Administrator","","","",1,"AMR","AMR"
"","""AMR-29.1""","AMR-29.1","Acceptance","2025-02-17 08:34:02.525430","Administrator","","2","",0,"AMR-29","AMR-29"
"","""AMR-29.2""","AMR-29.2","After Activity (Trainings, Seminars, Meetings)","2025-02-17 08:34:02.538052","Administrator","","2","after incorporated in the Annual Report",0,"AMR-29","AMR-29"
"","""AMR-29.3""","AMR-29.3","Annual/Special","2025-02-17 08:34:02.548553","Administrator","","","",1,"AMR-29","AMR-29"
"","""AMR-29.3.1""","AMR-29.3.1","Agency","2025-02-17 08:53:46.829987","Administrator","","Permanent","",0,"AMR-29.3","AMR-29.3"
"","""AMR-29.3.2""","AMR-29.3.2","Division/ Section/ Unit/ Office","2025-02-17 08:53:46.838815","Administrator","","2","after incorporated in the Annual Report",0,"AMR-29.3","AMR-29.3"
"","""AMR-29.4""","AMR-29.4","Inspection","2025-02-17 08:34:02.559116","Administrator","","2","",0,"AMR-29","AMR-29"
"","""AMR-29.5""","AMR-29.5","Monthly/Semi-Annual/Weekly/Quarterly","2025-02-17 08:34:02.569858","Administrator","","2","after incorporated in the Annual Report",0,"AMR-29","AMR-29"
"","""AMR-29.6""","AMR-29.6","Terminal","2025-02-17 08:34:02.581214","Administrator","","Permanent","",0,"AMR-29","AMR-29"
"","""AMR-30""","AMR-30","Slips","2025-02-17 08:19:58.398050","Administrator","","","",1,"AMR","AMR"
"","""AMR-30.1""","AMR-30.1","Locator","2025-02-17 08:34:02.592595","Administrator","","1","",0,"AMR-30","AMR-30"
"","""AMR-30.2""","AMR-30.2","Permission","2025-02-17 08:34:02.603925","Administrator","","1","",0,"AMR-30","AMR-30"
"","""AMR-30.3""","AMR-30.3","Routing","2025-02-17 08:34:02.615300","Administrator","","1","",0,"AMR-30","AMR-30"
"","""AMR-31""","AMR-31","Speeches (Record Set)","2025-02-17 08:19:58.403571","Administrator","","Permanent","",0,"AMR","AMR"
"","""AMR-32""","AMR-32","Standard Operating Procedures (SOP)","2025-02-17 08:19:58.409398","Administrator","","Permanent","",0,"AMR","AMR"
"","""AMR-33""","AMR-33","Trip Tickets","2025-02-17 08:19:58.415237","Administrator","","1","",0,"AMR","AMR"
"","""AMR-34""","AMR-34","Video Recordings","2025-02-17 08:19:58.420744","Administrator","","","",1,"AMR","AMR"
"","""AMR-34.1""","AMR-34.1","Closed-Circuit Television (CCTV)","2025-02-17 08:34:02.625506","Administrator","","0.5","after status report on operations had been prepared",0,"AMR-34","AMR-34"
"","""AMR-34.2""","AMR-34.2","Regular Activities","2025-02-17 08:34:02.635907","Administrator","","1","",0,"AMR-34","AMR-34"
"","""AMR-34.3""","AMR-34.3","Special Activities/Events","2025-02-17 08:34:02.647040","Administrator","","Permanent","",0,"AMR-34","AMR-34"
"","""AMR-35""","AMR-35","Work Programs","2025-02-17 08:19:58.426177","Administrator","","3","",0,"AMR","AMR"
"","""BR""","BR","Budget Records","2025-02-14 14:55:04.973637","Administrator","","","",1,"",""
"","""BR-36""","BR-36","Allotment Files","2025-02-17 08:19:58.434731","Administrator","","","",1,"BR","BR"
"","""BR-36.1""","BR-36.1","Advices","2025-02-17 08:34:02.657753","Administrator","","","",1,"BR-36","BR-36"
"","""BR-36.1.1""","BR-36.1.1","Allotment","2025-02-17 08:53:46.846593","Administrator","","3","",0,"BR-36.1","BR-36.1"
"","""BR-36.1.2""","BR-36.1.2","Modification (MAF)","2025-02-17 08:53:46.854920","Administrator","","3","after setlled",0,"BR-36.1","BR-36.1"
"","""BR-36.1.3""","BR-36.1.3","Use of Personal Service(PS)","2025-02-17 08:53:46.862893","Administrator","","3","after setlled",0,"BR-36.1","BR-36.1"
"","""BR-36.2""","BR-36.2","Agency Budget Matrixes","2025-02-17 08:34:02.668521","Administrator","","3","",0,"BR-36","BR-36"
"","""BR-36.3""","BR-36.3","Allotment Release Orders","2025-02-17 08:34:02.679382","Administrator","","","",1,"BR-36","BR-36"
"","""BR-36.3.1""","BR-36.3.1","General (GARO)","2025-02-17 08:53:46.871369","Administrator","","3","",0,"BR-36.3","BR-36.3"
"","""BR-36.3.2""","BR-36.3.2","Special (SARO)","2025-02-17 08:53:46.879668","Administrator","","3","",0,"BR-36.3","BR-36.3"
"","""BR-36.4""","BR-36.4","Obligation Request/Slips (ORS formerly ALOBS)","2025-02-17 08:34:02.689412","Administrator","","3","",0,"BR-36","BR-36"
"","""BR-36.5""","BR-36.5","Plan of Work and Request for Allotment","2025-02-17 08:34:02.699908","Administrator","","3","",0,"BR-36","BR-36"
"","""BR-36.6""","BR-36.6","Registries","2025-02-17 08:34:02.711595","Administrator","","","",1,"BR-36","BR-36"
"","""BR-36.6.1""","BR-36.6.1","Allotment, Obligations and Disbursement","2025-02-17 08:53:46.887820","Administrator","","","",1,"BR-36.6","BR-36.6"
"","""BR-36.6.1.1""","BR-36.6.1.1","Capital Outlays (RAODCO)","2025-02-17 08:54:15.388861","Administrator","","10","",0,"BR-36.6.1","BR-36.6.1"
"","""BR-36.6.1.2""","BR-36.6.1.2","Financial Expenses (RAODFE)","2025-02-17 08:54:15.397507","Administrator","","10","",0,"BR-36.6.1","BR-36.6.1"
"","""BR-36.6.1.3""","BR-36.6.1.3","Maintenance and Other Operationg Expenses (RAODMOOE)","2025-02-17 08:54:15.406585","Administrator","","10","",0,"BR-36.6.1","BR-36.6.1"
"","""BR-36.6.1.4""","BR-36.6.1.4","Personal Services (RAODPS)","2025-02-17 08:54:15.416870","Administrator","","10","",0,"BR-36.6.1","BR-36.6.1"
"","""BR-36.6.2""","BR-36.6.2","Budget,Utilizations and Disbursement","2025-02-17 08:53:46.906618","Administrator","","10","",0,"BR-36.6","BR-36.6"
"","""BR-36.7""","BR-36.7","Requests for Obligation of Allotment (ROA)","2025-02-17 08:34:02.722579","Administrator","","3","",0,"BR-36","BR-36"
"","""BR-36.8""","BR-36.8","Statement of Allotment, Obligations and Balances (SAOB)","2025-02-17 08:34:02.734580","Administrator","","3","",0,"BR-36","BR-36"
"","""BR-36.9""","BR-36.9","Statement of Appropriations, Allotment and Advice (SAAA)","2025-02-17 08:47:32.981712","Administrator","","3","",0,"BR-36","BR-36"
"","""BR-37""","BR-37","Annual/Special/Supplemental Budgets","2025-02-17 08:19:58.440438","Administrator","","3","",0,"BR","BR"
"","""BR-38""","BR-38","Budget and Financial Accountability Reports","2025-02-17 08:19:58.446212","Administrator","","","",1,"BR","BR"
"","""BR-38.1""","BR-38.1","Aging of Due and Demandable Obligations (ADDO) - FAR No.3","2025-02-17 08:34:02.758517","Administrator","","3","",0,"BR-38","BR-38"
"","""BR-38.2""","BR-38.2","Lists of Allotments and Sub-Allotments (LASA)-FAR No. 1-B","2025-02-17 08:34:02.770970","Administrator","","3","",0,"BR-38","BR-38"
"","""BR-38.3""","BR-38.3","Monthly Report of Disbursements (MRD) - FAR No. 4","2025-02-17 08:34:02.781380","Administrator","","3","",0,"BR-38","BR-38"
"","""BR-38.4""","BR-38.4","Quarterly Physical Report of Operation (QPRO) - BAR No. 1","2025-02-17 08:34:02.791541","Administrator","","3","",0,"BR-38","BR-38"
"","""BR-38.5""","BR-38.5","Quarterly Report of Revenue and Other Receipts (QRROR) - FAR No. 5","2025-02-17 08:34:02.802033","Administrator","","3","",0,"BR-38","BR-38"
"","""BR-38.6""","BR-38.6","Statement of Appropriations, Allotments, Obligations, Disbursements and Balances (SAAODB)","2025-02-17 08:34:02.812196","Administrator","FAR No. 1","3","",0,"BR-38","BR-38"
"","""BR-38.7""","BR-38.7","Statement of Approved Budget, Utilizations, Disbursements Balances (SABUD)","2025-02-17 08:34:02.821602","Administrator","FAR No. 2 (for Off-Budget Fund)","3","",0,"BR-38","BR-38"
"","""BR-38.8""","BR-38.8","Summary of Appropriations, Allotments, Obligations, Disbursements and Balances by Object of Expenditures (SAAODBOE)","2025-02-17 08:34:02.830548","Administrator","FAR No. 1-A 1","3","",0,"BR-38","BR-38"
"","""BR-38.9""","BR-38.9","Summary of Approved Budget, Utilizations, Disbursements and Balances by Object of Expenditures (SABUDBOE)","2025-02-17 08:47:33.075047","Administrator","FAR No. 2-A (for Off-Budget Fund) 2","3","",0,"BR-38","BR-38"
"","""BR-39""","BR-39","Budgetary Ceilings","2025-02-17 08:19:58.452250","Administrator","","3","",0,"BR","BR"
"","""BR-40""","BR-40","Budget Estimates Including Analysis Sheets and Estimates of Income","2025-02-17 08:19:58.458725","Administrator","","3","",0,"BR","BR"
"","""BR-41""","BR-41","Budget Expenditures","2025-02-17 08:19:58.464362","Administrator","","","",1,"BR","BR"
"","""BR-41.1""","BR-41.1","Programs","2025-02-17 08:34:02.842172","Administrator","","5","",0,"BR-41","BR-41"
"","""BR-41.2""","BR-41.2","Source of Financing","2025-02-17 08:34:02.852230","Administrator","","5","",0,"BR-41","BR-41"
"","""BR-42""","BR-42","Budget Issuances (Those Used as Authority for Agency Transactions)","2025-02-17 08:19:58.469479","Administrator","","10","",0,"BR","BR"
"","""BR-43""","BR-43","Budget Proposals","2025-02-17 08:19:58.476750","Administrator","","3","",0,"BR","BR"
"","""BR-44""","BR-44","Budget Sheet Analysis","2025-02-17 08:19:58.483165","Administrator","","3","",0,"BR","BR"
"","""BR-45""","BR-45","Budget Utilization Request and Status (BURS)","2025-02-17 08:19:58.489071","Administrator","","3","",0,"BR","BR"
"","""BR-46""","BR-46","General Appropriations Acts","2025-02-17 08:19:58.494729","Administrator","","3","",0,"BR","BR"
"","""BR-47""","BR-47","Notices","2025-02-17 08:19:58.500532","Administrator","","","",1,"BR","BR"
"","""BR-47.1""","BR-47.1","Allocation","2025-02-17 08:34:02.861023","Administrator","","","",1,"BR-47","BR-47"
"","""BR-47.1.3""","BR-47.1.3","Cash","2025-02-17 08:53:46.915778","Administrator","","3","",0,"BR-47.1","BR-47.1"
"","""BR-47.1.4""","BR-47.1.4","Transfer","2025-02-17 08:53:46.923841","Administrator","","3","",0,"BR-47.1","BR-47.1"
"","""BR-47.2""","BR-47.2","Request and Status Adjustment","2025-02-17 08:34:02.869852","Administrator","","","",1,"BR-47","BR-47"
"","""BR-47.2.1""","BR-47.2.1","Budget Utilization","2025-02-17 08:53:46.932261","Administrator","","3","",0,"BR-47.2","BR-47.2"
"","""BR-47.2.2""","BR-47.2.2","Obligation","2025-02-17 08:53:46.940286","Administrator","","3","",0,"BR-47.2","BR-47.2"
"","""BR-48""","BR-48","Organizational Performance Indicator Framework (OPIF)","2025-02-17 08:19:58.506625","Administrator","","Permanent","",0,"BR","BR"
"","""BR-49""","BR-49","Special/Supplemental Budgets","2025-02-17 08:19:58.512036","Administrator","","3","",0,"BR","BR"
"","""BR-50""","BR-50","Work and Financial Plans","2025-02-17 08:19:58.517869","Administrator","","3","",0,"BR","BR"
"","""FAR""","FAR","Financial and Accounting Records","2025-02-14 14:55:37.464823","Administrator","","","",1,"",""
"","""FAR-51""","FAR-51","Abstracts","2025-02-17 08:19:58.524249","Administrator","","","",1,"FAR","FAR"
"","""FAR-51.1""","FAR-51.1","Daily Collections","2025-02-17 08:34:02.878270","Administrator","","5","",0,"FAR-51","FAR-51"
"","""FAR-51.2""","FAR-51.2","Deposits and Trust Funds","2025-02-17 08:34:02.887229","Administrator","","5","",0,"FAR-51","FAR-51"
"","""FAR-51.3""","FAR-51.3","General Collections","2025-02-17 08:34:02.896115","Administrator","","5","",0,"FAR-51","FAR-51"
"","""FAR-51.4""","FAR-51.4","Sub-Vouchers","2025-02-17 08:34:02.904194","Administrator","","2","",0,"FAR-51","FAR-51"
"","""FAR-52""","FAR-52","Advices","2025-02-17 08:19:58.530180","Administrator","","","",1,"FAR","FAR"
"","""FAR-52.1""","FAR-52.1","Checks Issued and Cancelled","2025-02-17 08:34:02.914114","Administrator","","4","",0,"FAR-52","FAR-52"
"","""FAR-52.2""","FAR-52.2","Remittance","2025-02-17 08:34:02.922004","Administrator","","10","",0,"FAR-52","FAR-52"
"","""FAR-53""","FAR-53","Annual Statements of Accounts Payable","2025-02-17 08:19:58.535821","Administrator","","Permanent","",0,"FAR","FAR"
"","""FAR-54""","FAR-54","Auditor's Contract Cards","2025-02-17 08:19:58.541486","Administrator","","3","",0,"FAR","FAR"
"","""FAR-55""","FAR-55","Authorities for Allowances","2025-02-17 08:19:58.547232","Administrator","","2","",0,"FAR","FAR"
"","""FAR-56""","FAR-56","Authorizations","2025-02-17 08:19:58.553478","Administrator","","","",1,"FAR","FAR"
"","""FAR-56.1""","FAR-56.1","Overtime","2025-02-17 08:34:02.930598","Administrator","","1","after expired",0,"FAR-56","FAR-56"
"","""FAR-56.2""","FAR-56.2","Purchase of Equipment/Property","2025-02-17 08:34:02.937938","Administrator","","1","after expired",0,"FAR-56","FAR-56"
"","""FAR-56.3""","FAR-56.3","Transfer of Fund","2025-02-17 08:34:02.946055","Administrator","","1","after expired",0,"FAR-56","FAR-56"
"","""FAR-56.4""","FAR-56.4","Travel","2025-02-17 08:34:02.954870","Administrator","","1","after expired",0,"FAR-56","FAR-56"
"","""FAR-57""","FAR-57","Bank Slips","2025-02-17 08:19:58.559434","Administrator","","","",1,"FAR","FAR"
"","""FAR-57.1""","FAR-57.1","Deposits","2025-02-17 08:34:02.961756","Administrator","","10","",0,"FAR-57","FAR-57"
"","""FAR-57.2""","FAR-57.2","Remittances","2025-02-17 08:34:02.968448","Administrator","","10","",0,"FAR-57","FAR-57"
"","""FAR-57.3""","FAR-57.3","Withdrawal","2025-02-17 08:34:02.975212","Administrator","","10","",0,"FAR-57","FAR-57"
"","""FAR-58""","FAR-58","Bills","2025-02-17 08:19:58.565097","Administrator","","10","",0,"FAR","FAR"
"","""FAR-59""","FAR-59","Bonding Files","2025-02-17 08:19:58.571621","Administrator","","","",1,"FAR","FAR"
"","""FAR-59.1""","FAR-59.1","Action","2025-02-17 08:34:02.981428","Administrator","","3","",0,"FAR-59","FAR-59"
"","""FAR-59.2""","FAR-59.2","Applications/Requests","2025-02-17 08:34:02.988017","Administrator","","3","",0,"FAR-59","FAR-59"
"","""FAR-59.3""","FAR-59.3","Fidelity/Surety Bond","2025-02-17 08:34:02.995038","Administrator","","5","after expired/ terminated",0,"FAR-59","FAR-59"
"","""FAR-59.4""","FAR-59.4","Indemnity for Issuance of Due Warrant","2025-02-17 08:34:03.001734","Administrator","","3","",0,"FAR-59","FAR-59"
"","""FAR-60""","FAR-60","Books of Original Entry","2025-02-17 08:19:58.577467","Administrator","","","",1,"FAR","FAR"
"","""FAR-60.1""","FAR-60.1","Journals","2025-02-17 08:34:03.008737","Administrator","","","",1,"FAR-60","FAR-60"
"","""FAR-60.1.1""","FAR-60.1.1","Analysis of Obligation","2025-02-17 08:53:46.948734","Administrator","","Permanent","",0,"FAR-60.1","FAR-60.1"
"","""FAR-60.1.2""","FAR-60.1.2","Bill Rendered","2025-02-17 08:53:46.956815","Administrator","","Permanent","",0,"FAR-60.1","FAR-60.1"
"","""FAR-60.1.3""","FAR-60.1.3","Cash","2025-02-17 08:53:46.966242","Administrator","","Permanent","",0,"FAR-60.1","FAR-60.1"
"","""FAR-60.1.4""","FAR-60.1.4","Cash Disbursement","2025-02-17 08:53:46.974249","Administrator","","Permanent","",0,"FAR-60.1","FAR-60.1"
"","""FAR-60.1.5""","FAR-60.1.5","Cash Receipts","2025-02-17 08:53:46.982403","Administrator","","Permanent","",0,"FAR-60.1","FAR-60.1"
"","""FAR-60.1.6""","FAR-60.1.6","Check Disbursement","2025-02-17 08:53:46.990619","Administrator","","Permanent","",0,"FAR-60.1","FAR-60.1"
"","""FAR-60.1.7""","FAR-60.1.7","Checks Issued","2025-02-17 08:53:46.998798","Administrator","","Permanent","",0,"FAR-60.1","FAR-60.1"
"","""FAR-60.1.8""","FAR-60.1.8","Collection and Deposit","2025-02-17 08:53:47.007060","Administrator","","Permanent","",0,"FAR-60.1","FAR-60.1"
"","""FAR-60.1.9""","FAR-60.1.9","Disbursement by Disbursing Officer","2025-02-17 08:53:47.014945","Administrator","","Permanent","",0,"FAR-60.1","FAR-60.1"
"","""FAR-60.1.10""","FAR-60.1.10","General","2025-02-17 08:53:47.022883","Administrator","","Permanent","",0,"FAR-60.1","FAR-60.1"
"","""FAR-60.2""","FAR-60.2","Ledgers","2025-02-17 08:34:03.015044","Administrator","","","",1,"FAR-60","FAR-60"
"","""FAR-60.2.1""","FAR-60.2.1","Expense","2025-02-17 08:53:47.030541","Administrator","","Permanent","",0,"FAR-60.2","FAR-60.2"
"","""FAR-60.2.2""","FAR-60.2.2","General","2025-02-17 08:53:47.038206","Administrator","","Permanent","",0,"FAR-60.2","FAR-60.2"
"","""FAR-60.2.3""","FAR-60.2.3","Subsidiary","2025-02-17 08:53:47.045747","Administrator","","Permanent","",0,"FAR-60.2","FAR-60.2"
"","""FAR-61""","FAR-61","Cash Files","2025-02-17 08:19:58.583083","Administrator","","","",1,"FAR","FAR"
"","""FAR-61.1""","FAR-61.1","Allocation Ceilings","2025-02-17 08:34:03.021137","Administrator","","3","after settled",0,"FAR-61","FAR-61"
"","""FAR-61.2""","FAR-61.2","Disbursements","2025-02-17 08:34:03.028417","Administrator","","10","provided post audited, finally setlled, and not involved in any case",0,"FAR-61","FAR-61"
"","""FAR-61.3""","FAR-61.3","Flow Charts","2025-02-17 08:34:03.036131","Administrator","","Permanent","",0,"FAR-61","FAR-61"
"","""FAR-61.4""","FAR-61.4","Receipts","2025-02-17 08:34:03.047615","Administrator","","10","provided post audited, finally setlled, and not involved in any case",0,"FAR-61","FAR-61"
"","""FAR-61.5""","FAR-61.5","Registers","2025-02-17 08:34:03.055848","Administrator","","","",1,"FAR-61","FAR-61"
"","""FAR-61.5.1""","FAR-61.5.1","Disbursements","2025-02-17 08:53:47.053396","Administrator","","Permanent","",0,"FAR-61.5","FAR-61.5"
"","""FAR-61.5.2""","FAR-61.5.2","In Bank","2025-02-17 08:53:47.061341","Administrator","","Permanent","",0,"FAR-61.5","FAR-61.5"
"","""FAR-61.5.3""","FAR-61.5.3","Receipts","2025-02-17 08:53:47.070265","Administrator","","Permanent","",0,"FAR-61.5","FAR-61.5"
"","""FAR-62""","FAR-62","Certificates","2025-02-17 08:19:58.588352","Administrator","","","",1,"FAR","FAR"
"","""FAR-62.1""","FAR-62.1","Settlement and Balances","2025-02-17 08:34:03.063587","Administrator","","10","provided post audited, finally setlled, and not involved in any case",0,"FAR-62","FAR-62"
"","""FAR-62.2""","FAR-62.2","Shortages","2025-02-17 08:34:03.072068","Administrator","","10","provided post audited, finally setlled, and not involved in any case",0,"FAR-62","FAR-62"
"","""FAR-63""","FAR-63","Certifications of Availability of Funds","2025-02-17 08:19:58.594565","Administrator","","1","after settled",0,"FAR","FAR"
"","""FAR-64""","FAR-64","Checks And Check Stubs","2025-02-17 08:19:58.600496","Administrator","","10","provided post audited, finally setlled, and not involved in any case",0,"FAR","FAR"
"","""FAR-65""","FAR-65","Claims","2025-02-17 08:19:58.606309","Administrator","","","",1,"FAR","FAR"
"","""FAR-65.1""","FAR-65.1","Health Benefits","2025-02-17 08:34:03.078671","Administrator","","10","after setlled",0,"FAR-65","FAR-65"
"","""FAR-65.2""","FAR-65.2","Hospital","2025-02-17 08:34:03.085711","Administrator","","10","after setlled",0,"FAR-65","FAR-65"
"","""FAR-65.3""","FAR-65.3","Insurance","2025-02-17 08:34:03.092183","Administrator","","10","after setlled",0,"FAR-65","FAR-65"
"","""FAR-66""","FAR-66","Commission On Audit Files","2025-02-17 08:19:58.612038","Administrator","","","",1,"FAR","FAR"
"","""FAR-66.1""","FAR-66.1","Findings and Recommendations","2025-02-17 08:34:03.099001","Administrator","","10","after compiled/settled",0,"FAR-66","FAR-66"
"","""FAR-66.2""","FAR-66.2","Management Letters","2025-02-17 08:34:03.105756","Administrator","","10","after compiled/settled",0,"FAR-66","FAR-66"
"","""FAR-66.3""","FAR-66.3","Notice of Decision","2025-02-17 08:34:03.112915","Administrator","","10","after compiled/settled",0,"FAR-66","FAR-66"
"","""FAR-66.4""","FAR-66.4","Reports","2025-02-17 08:34:03.121213","Administrator","","","",1,"FAR-66","FAR-66"
"","""FAR-66.4.1""","FAR-66.4.1","Annual Audit","2025-02-17 08:53:47.078905","Administrator","","10","after compiled/settled",0,"FAR-66.4","FAR-66.4"
"","""FAR-66.4.2""","FAR-66.4.2","Observation","2025-02-17 08:53:47.087137","Administrator","","10","after compiled/settled",0,"FAR-66.4","FAR-66.4"
"","""FAR-67""","FAR-67","Daily Cash Flow","2025-02-17 08:19:58.618057","Administrator","","3","after settled",0,"FAR","FAR"
"","""FAR-68""","FAR-68","Daily Statement of Collections","2025-02-17 08:19:58.623956","Administrator","","5","",0,"FAR","FAR"
"","""FAR-69""","FAR-69","Financial Statements","2025-02-17 08:19:58.631769","Administrator","","","",1,"FAR","FAR"
"","""FAR-69.1""","FAR-69.1","Balance Sheets","2025-02-17 08:34:03.129035","Administrator","","Permanent","",0,"FAR-69","FAR-69"
"","""FAR-69.2""","FAR-69.2","Cash Flows (Annual)","2025-02-17 08:34:03.136994","Administrator","","Permanent","",0,"FAR-69","FAR-69"
"","""FAR-69.3""","FAR-69.3","General Purpose","2025-02-17 08:34:03.144696","Administrator","","Permanent","",0,"FAR-69","FAR-69"
"","""FAR-69.4""","FAR-69.4","Income","2025-02-17 08:34:03.152798","Administrator","","Permanent","",0,"FAR-69","FAR-69"
"","""FAR-69.5""","FAR-69.5","Operations","2025-02-17 08:34:03.160838","Administrator","","Permanent","",0,"FAR-69","FAR-69"
"","""FAR-70""","FAR-70","Indices of Payments","2025-02-17 08:19:58.639074","Administrator","","","",1,"FAR","FAR"
"","""FAR-70.1""","FAR-70.1","Creditors","2025-02-17 08:34:03.169795","Administrator","","5","",0,"FAR-70","FAR-70"
"","""FAR-70.2""","FAR-70.2","Employees","2025-02-17 08:34:03.180048","Administrator","","15","after retired/ separated",0,"FAR-70","FAR-70"
"","""FAR-70.3""","FAR-70.3","Sundry Payments by Checks/Warrants","2025-02-17 08:34:03.189359","Administrator","","Permanent","",0,"FAR-70","FAR-70"
"","""FAR-71""","FAR-71","Itinerary of Travel","2025-02-17 08:19:58.646590","Administrator","","1","",0,"FAR","FAR"
"","""FAR-72""","FAR-72","Journal Entry Vouchers","2025-02-17 08:19:58.653471","Administrator","","12","provided post audited, finally setlled, and not involved in any case",0,"FAR","FAR"
"","""FAR-73""","FAR-73","List of Due And Demandable Accounts Payable - Authority To Debit Accounts","2025-02-17 08:19:58.660619","Administrator","","4","",0,"FAR","FAR"
"","""FAR-74""","FAR-74","Lists of Remittances","2025-02-17 08:19:58.684256","Administrator","","","",1,"FAR","FAR"
"","""FAR-74.1""","FAR-74.1","Loans","2025-02-17 08:34:03.199027","Administrator","","10","after updated and reconciled",0,"FAR-74","FAR-74"
"","""FAR-74.2""","FAR-74.2","Premiums","2025-02-17 08:34:03.206154","Administrator","","10","after updated and reconciled",0,"FAR-74","FAR-74"
"","""FAR-75""","FAR-75","Logbooks of General Funds","2025-02-17 08:19:58.691080","Administrator","","3","after date of last entry",0,"FAR","FAR"
"","""FAR-76""","FAR-76","Monthly Settlements of Monthly Subsidiary Ledger Balance","2025-02-17 08:19:58.698362","Administrator","","2","provided settled",0,"FAR","FAR"
"","""FAR-77""","FAR-77","Notices","2025-02-17 08:19:58.704807","Administrator","","","",1,"FAR","FAR"
"","""FAR-77.1""","FAR-77.1","Cash Allocation","2025-02-17 08:34:03.214155","Administrator","","3","after settled",0,"FAR-77","FAR-77"
"","""FAR-77.2""","FAR-77.2","Disallowances","2025-02-17 08:34:03.222071","Administrator","","3","after settled",0,"FAR-77","FAR-77"
"","""FAR-77.3""","FAR-77.3","Dishonored Checks","2025-02-17 08:34:03.228514","Administrator","","3","after settled",0,"FAR-77","FAR-77"
"","""FAR-77.4""","FAR-77.4","Suspensions","2025-02-17 08:34:03.235751","Administrator","","3","after settled",0,"FAR-77","FAR-77"
"","""FAR-77.5""","FAR-77.5","Transfer of Allocation","2025-02-17 08:34:03.242299","Administrator","","3","after settled",0,"FAR-77","FAR-77"
"","""FAR-78""","FAR-78","Official Cash Books","2025-02-17 08:19:58.710607","Administrator","","Permanent","",0,"FAR","FAR"
"","""FAR-79""","FAR-79","Official Receipts","2025-02-17 08:19:58.716885","Administrator","","10","provided post-audited, finally settled, and not involved in any case",0,"FAR","FAR"
"","""FAR-80""","FAR-80","Orders of Payment","2025-02-17 08:19:58.722908","Administrator","","10","after settled",0,"FAR","FAR"
"","""FAR-81""","FAR-81","Payrolls","2025-02-17 08:19:58.730218","Administrator","","10","provided post-audited, finally settled, and not involved in any case",0,"FAR","FAR"
"","""FAR-82""","FAR-82","Payroll Payment Slips/Pay Slips","2025-02-17 08:19:58.735830","Administrator","","10","provided settled",0,"FAR","FAR"
"","""FAR-83""","FAR-83","Quarterly Statements of Charges To Accounts Payable","2025-02-17 08:19:58.741503","Administrator","","10","",0,"FAR","FAR"
"","""FAR-84""","FAR-84","Registers","2025-02-17 08:19:58.746796","Administrator","","","",1,"FAR","FAR"
"","""FAR-84.1""","FAR-84.1","Accounts Written-Off","2025-02-17 08:34:03.253824","Administrator","","Permanent","",0,"FAR-84","FAR-84"
"","""FAR-84.2""","FAR-84.2","Checks Released","2025-02-17 08:34:03.259975","Administrator","","Permanent","",0,"FAR-84","FAR-84"
"","""FAR-84.3""","FAR-84.3","Checks/Warrants","2025-02-17 08:34:03.266850","Administrator","","Permanent","",0,"FAR-84","FAR-84"
"","""FAR-84.4""","FAR-84.4","Checks/Warrants Control","2025-02-17 08:34:03.273727","Administrator","","Permanent","",0,"FAR-84","FAR-84"
"","""FAR-84.5""","FAR-84.5","Payroll","2025-02-17 08:34:03.280383","Administrator","","Permanent","",0,"FAR-84","FAR-84"
"","""FAR-84.6""","FAR-84.6","Petty Cash Fund","2025-02-17 08:34:03.286835","Administrator","","Permanent","",0,"FAR-84","FAR-84"
"","""FAR-85""","FAR-85","Reliefs From Accountability","2025-02-17 08:19:58.751952","Administrator","","","",1,"FAR","FAR"
"","""FAR-85.1""","FAR-85.1","Decisions","2025-02-17 08:34:03.293484","Administrator","","10","provided a copy is filed with 201 files",0,"FAR-85","FAR-85"
"","""FAR-85.2""","FAR-85.2","Requests","2025-02-17 08:34:03.300210","Administrator","","10","provided a copy is filed with 201 files",0,"FAR-85","FAR-85"
"","""FAR-86""","FAR-86","Reports","2025-02-17 08:19:58.756962","Administrator","","","",1,"FAR","FAR"
"","""FAR-86.1""","FAR-86.1","Accountabilities for Accountable Forms","2025-02-17 08:34:03.306368","Administrator","","3","after cash had been examined",0,"FAR-86","FAR-86"
"","""FAR-86.2""","FAR-86.2","Cash Disbursements","2025-02-17 08:34:03.313069","Administrator","","10","after settled",0,"FAR-86","FAR-86"
"","""FAR-86.3""","FAR-86.3","Cash Examinations","2025-02-17 08:34:03.319723","Administrator","","3","provided post-audited, finally settled, and not involved in any case",0,"FAR-86","FAR-86"
"","""FAR-86.4""","FAR-86.4","Collecting and Disbursing Officers","2025-02-17 08:34:03.326163","Administrator","","","",1,"FAR-86","FAR-86"
"","""FAR-86.4.1""","FAR-86.4.1","Checks Issued and Cancelled","2025-02-17 08:53:47.094820","Administrator","","10","provided post-audited, finally settled, and not involved in any case",0,"FAR-86.4","FAR-86.4"
"","""FAR-86.4.2""","FAR-86.4.2","Collection and Deposits","2025-02-17 08:53:47.102868","Administrator","","10","provided post-audited, finally settled, and not involved in any case",0,"FAR-86.4","FAR-86.4"
"","""FAR-86.4.3""","FAR-86.4.3","Disbursements","2025-02-17 08:53:47.110870","Administrator","","10","provided post-audited, finally settled, and not involved in any case",0,"FAR-86.4","FAR-86.4"
"","""FAR-86.5""","FAR-86.5","Daily Cash","2025-02-17 08:34:03.332721","Administrator","","3","",0,"FAR-86","FAR-86"
"","""FAR-86.6""","FAR-86.6","Liquidations","2025-02-17 08:34:03.339625","Administrator","","10","",0,"FAR-86","FAR-86"
"","""FAR-86.7""","FAR-86.7","Monthly Income","2025-02-17 08:34:03.346772","Administrator","","10","",0,"FAR-86","FAR-86"
"","""FAR-86.8""","FAR-86.8","Overdrafts and Misuse of Trust Funds","2025-02-17 08:34:03.354465","Administrator","","5","after case had been settle or terminated",0,"FAR-86","FAR-86"
"","""FAR-86.9""","FAR-86.9","Petty Cash","2025-02-17 08:34:03.361513","Administrator","","","",1,"FAR-86","FAR-86"
"","""FAR-86.9.1""","FAR-86.9.1","Fund","2025-02-17 08:53:47.118943","Administrator","","10","provided post-audited, finally settled, and not involved in any case",0,"FAR-86.9","FAR-86.9"
"","""FAR-86.9.2""","FAR-86.9.2","Paid Vouchers","2025-02-17 08:53:47.126688","Administrator","","10","provided post-audited, finally settled, and not involved in any case",0,"FAR-86.9","FAR-86.9"
"","""FAR-86.9.3""","FAR-86.9.3","Replenishments","2025-02-17 08:53:47.136236","Administrator","","10","provided post-audited, finally settled, and not involved in any case",0,"FAR-86.9","FAR-86.9"
"","""FAR-87""","FAR-87","Schedule of Accounts Receivables/Payables","2025-02-17 08:19:58.762021","Administrator","","3","after settled",0,"FAR","FAR"
"","""FAR-88""","FAR-88","Statements","2025-02-17 08:19:58.767927","Administrator","","","",1,"FAR","FAR"
"","""FAR-88.1""","FAR-88.1","Accounts","2025-02-17 08:34:03.368194","Administrator","","","",1,"FAR-88","FAR-88"
"","""FAR-88.1.1""","FAR-88.1.1","Current","2025-02-17 08:53:47.145969","Administrator","","3","",0,"FAR-88.1","FAR-88.1"
"","""FAR-88.1.2""","FAR-88.1.2","Payable","2025-02-17 08:53:47.155847","Administrator","","10","",0,"FAR-88.1","FAR-88.1"
"","""FAR-88.1.3""","FAR-88.1.3","Receivable","2025-02-17 08:53:47.165211","Administrator","","Permanent","",0,"FAR-88.1","FAR-88.1"
"","""FAR-88.2""","FAR-88.2","Common Funds","2025-02-17 08:34:03.374331","Administrator","","10","",0,"FAR-88","FAR-88"
"","""FAR-88.3""","FAR-88.3","Financial Conditions","2025-02-17 08:34:03.380941","Administrator","","10","",0,"FAR-88","FAR-88"
"","""FAR-88.4""","FAR-88.4","Profits and Losses","2025-02-17 08:34:03.390458","Administrator","","Permanent","",0,"FAR-88","FAR-88"
"","""FAR-88.5""","FAR-88.5","Reconciliations","2025-02-17 08:34:03.402045","Administrator","","10","",0,"FAR-88","FAR-88"
"","""FAR-89""","FAR-89","Summaries of Unliquidated Obligations and Accounts Payable","2025-02-17 08:19:58.773124","Administrator","","10","",0,"FAR","FAR"
"","""FAR-90""","FAR-90","Sundry Payments","2025-02-17 08:19:58.778358","Administrator","","10","",0,"FAR","FAR"
"","""FAR-91""","FAR-91","Treasury Files","2025-02-17 08:19:58.783720","Administrator","","","",1,"FAR","FAR"
"","""FAR-91.1""","FAR-91.1","Checking Accounts of Agency (TCAA)","2025-02-17 08:34:03.410566","Administrator","","10","",0,"FAR-91","FAR-91"
"","""FAR-91.2""","FAR-91.2","Drafts","2025-02-17 08:34:03.417354","Administrator","","10","",0,"FAR-91","FAR-91"
"","""FAR-91.3""","FAR-91.3","Warrants","2025-02-17 08:34:03.425225","Administrator","","10","provided post audited, finally setlled, and not involved in any case",0,"FAR-91","FAR-91"
"","""FAR-92""","FAR-92","Trial Balances and Supporting Schedules","2025-02-17 08:19:58.789135","Administrator","","","",1,"FAR","FAR"
"","""FAR-92.1""","FAR-92.1","Cumulative Results and Operations - Unappropriated","2025-02-17 08:34:03.432025","Administrator","","Permanent","",0,"FAR-92","FAR-92"
"","""FAR-92.2""","FAR-92.2","Monthly/Quarterly Trial Balances","2025-02-17 08:34:03.440727","Administrator","","2","after consolidated in the Annual Financial Report",0,"FAR-92","FAR-92"
"","""FAR-92.3""","FAR-92.3","Preliminary/Final Annual Trial Balances","2025-02-17 08:34:03.449591","Administrator","","","",1,"FAR-92","FAR-92"
"","""FAR-92.3.1""","FAR-92.3.1","Accounting's Office Copy","2025-02-17 08:53:47.173915","Administrator","","10","after Annual Financial Report had been published",0,"FAR-92.3","FAR-92.3"
"","""FAR-92.3.2""","FAR-92.3.2","Auditor's Copy","2025-02-17 08:53:47.183235","Administrator","","Permanent","",0,"FAR-92.3","FAR-92.3"
"","""FAR-92.3.3""","FAR-92.3.3","Regional Office Copy","2025-02-17 08:53:47.192221","Administrator","","10","after Annual Financial Report had been published",0,"FAR-92.3","FAR-92.3"
"","""FAR-93""","FAR-93","Vouchers Including Bills, Invoices and Other Supporting Documents","2025-02-17 08:19:58.794215","Administrator","","","",1,"FAR","FAR"
"","""FAR-93.1""","FAR-93.1","Disbursements/Journals","2025-02-17 08:34:03.456701","Administrator","","","",0,"FAR-93","FAR-93"
"","""FAR-93.2""","FAR-93.2","Petty Cash","2025-02-17 08:34:03.463495","Administrator","","","",0,"FAR-93","FAR-93"
"","""FAR-93.3""","FAR-93.3","Reimbursement Expense Receipts","2025-02-17 08:34:03.470974","Administrator","","","",0,"FAR-93","FAR-93"
"","""FAR-93.4""","FAR-93.4","Travel Expenses","2025-02-17 08:34:03.480367","Administrator","","","",0,"FAR-93","FAR-93"
"","""FAR-94""","FAR-94","Withholding Tax Certificates","2025-02-17 08:19:58.799615","Administrator","","4","after superseded",0,"FAR","FAR"
"","""PMR""","PMR","Human Resource/Personnel Management Records","2025-02-14 14:55:50.051716","Administrator","","","",1,"",""
"","""PMR-95""","PMR-95","Annual Summary Reports for Replacement Program for Non-Eligibles","2025-02-17 08:19:58.808612","Administrator","","5","",0,"PMR","PMR"
"","""PMR-96""","PMR-96","Applications","2025-02-17 08:19:58.813910","Administrator","","","",1,"PMR","PMR"
"","""PMR-96.1""","PMR-96.1","Leave of Absence and Supporting Documents","2025-02-17 08:34:03.490054","Administrator","","1","after recorded in the leave card",0,"PMR-96","PMR-96"
"","""PMR-96.2""","PMR-96.2","Relief of Accountability","2025-02-17 08:34:03.499778","Administrator","","5","after separated/ retired",0,"PMR-96","PMR-96"
"","""PMR-96.3""","PMR-96.3","Retirement/Resignation","2025-02-17 08:34:03.508110","Administrator","","1","",0,"PMR-96","PMR-96"
"","""PMR-97""","PMR-97","Attendance Monitoring Sheets","2025-02-17 08:19:58.820640","Administrator","","1","",0,"PMR","PMR"
"","""PMR-98""","PMR-98","Authorities/Requests to Create or Fill Vacant Positions","2025-02-17 08:19:58.826587","Administrator","","2","after vacant positions had been filled up",0,"PMR","PMR"
"","""PMR-99""","PMR-99","Awards/Benefits/Gratuity","2025-02-17 08:19:58.832906","Administrator","","5","after retired/ separated from service",0,"PMR","PMR"
"","""PMR-100""","PMR-100","Certificates","2025-02-17 08:19:58.838431","Administrator","","","",1,"PMR","PMR"
"","""PMR-100.1""","PMR-100.1","Rural Service","2025-02-17 08:34:03.517136","Administrator","","5","after retired/ separated from service",0,"PMR-100","PMR-100"
"","""PMR-100.2""","PMR-100.2","Trainings/Seminars Attended","2025-02-17 08:34:03.526415","Administrator","","5","after retired/ separated from service",0,"PMR-100","PMR-100"
"","""PMR-101""","PMR-101","Certifications","2025-02-17 08:19:58.844469","Administrator","","","",1,"PMR","PMR"
"","""PMR-101.1""","PMR-101.1","Employment","2025-02-17 08:34:03.535088","Administrator","","1","",0,"PMR-101","PMR-101"
"","""PMR-101.2""","PMR-101.2","Residency","2025-02-17 08:34:03.544810","Administrator","","1","",0,"PMR-101","PMR-101"
"","""PMR-101.3""","PMR-101.3","Service","2025-02-17 08:34:03.554609","Administrator","","1","",0,"PMR-101","PMR-101"
"","""PMR-102""","PMR-102","Change of Marital Status/Name","2025-02-17 08:19:58.849793","Administrator","","5","after retired/ separated from service",0,"PMR","PMR"
"","""PMR-103""","PMR-103","Comparative Data Matrix of Employees","2025-02-17 08:19:58.855368","Administrator","","2","",0,"PMR","PMR"
"","""PMR-104""","PMR-104","Daily Time Records","2025-02-17 08:19:58.860798","Administrator","","1","after data had been posted in leave cards and post-audited",0,"PMR","PMR"
"","""PMR-105""","PMR-105","Designations/Details","2025-02-17 08:19:58.866635","Administrator","","5","after retired/ separated from service",0,"PMR","PMR"
"","""PMR-106""","PMR-106","Duties and Responsibilities","2025-02-17 08:19:58.871962","Administrator","","5","after retired/ separated from service",0,"PMR","PMR"
"","""PMR-107""","PMR-107","Employment/Promotion Files","2025-02-17 08:19:58.877581","Administrator","","","",1,"PMR","PMR"
"","""PMR-107.1""","PMR-107.1","Application Letters with Supporting Documents","2025-02-17 08:34:03.563056","Administrator","","1","year vacant positions had been filled up",0,"PMR-107","PMR-107"
"","""PMR-107.2""","PMR-107.2","Comparative Assessment/Evaluation","2025-02-17 08:34:03.570838","Administrator","","1","year vacant positions had been filled up",0,"PMR-107","PMR-107"
"","""PMR-107.3""","PMR-107.3","Interview Evaluation/Score Sheets","2025-02-17 08:34:03.579161","Administrator","","1","year vacant positions had been filled up",0,"PMR-107","PMR-107"
"","""PMR-107.4""","PMR-107.4","Summary of Rating","2025-02-17 08:34:03.585635","Administrator","","1","year vacant positions had been filled up",0,"PMR-107","PMR-107"
"","""PMR-107.5""","PMR-107.5","Test Papers","2025-02-17 08:34:03.592299","Administrator","","1","year vacant positions had been filled up",0,"PMR-107","PMR-107"
"","""PMR-108""","PMR-108","Gender and Development (GAD) Files","2025-02-17 08:19:58.882759","Administrator","","","",1,"PMR","PMR"
"","""PMR-108.1""","PMR-108.1","Accomplishment Reports","2025-02-17 08:34:03.599497","Administrator","","2","after purpose had been served",0,"PMR-108","PMR-108"
"","""PMR-108.2""","PMR-108.2","Plans and Budget","2025-02-17 08:34:03.606304","Administrator","","2","after purpose had been served",0,"PMR-108","PMR-108"
"","""PMR-109""","PMR-109","Handwriting Specimens/Signature","2025-02-17 08:19:58.887956","Administrator","","Permanent","",0,"PMR","PMR"
"","""PMR-110""","PMR-110","Job Order Employment Contracts With Supporting Documents","2025-02-17 08:19:58.893694","Administrator","","5","after terminated",0,"PMR","PMR"
"","""PMR-111""","PMR-111","Leave Credit Cards","2025-02-17 08:19:58.899045","Administrator","","15","after settled",0,"PMR","PMR"
"","""PMR-112""","PMR-112","Lists of Eligibles/Non-Eligibles","2025-02-17 08:19:58.904179","Administrator","","1","after updated",0,"PMR","PMR"
"","""PMR-113""","PMR-113","Logbooks","2025-02-17 08:19:58.909718","Administrator","","","",1,"PMR","PMR"
"","""PMR-113.1""","PMR-113.1","Arrival and Departure of Employees","2025-02-17 08:34:03.612643","Administrator","","2","after date of last entry",0,"PMR-113","PMR-113"
"","""PMR-113.2""","PMR-113.2","Attendance","2025-02-17 08:34:03.620051","Administrator","","1","provided leave and undertimes are posted in the leave card",0,"PMR-113","PMR-113"
"","""PMR-113.3""","PMR-113.3","Clearances Issued","2025-02-17 08:34:03.627575","Administrator","","2","after date of last entry",0,"PMR-113","PMR-113"
"","""PMR-114""","PMR-114","Medical Certificates In Support of Absence On Account of Illness/Maternity/Return To Work","2025-02-17 08:19:58.915192","Administrator","","3","after absences had been recorded in leave cards",0,"PMR","PMR"
"","""PMR-115""","PMR-115","Membership Files","2025-02-17 08:19:58.920695","Administrator","","","",1,"PMR","PMR"
"","""PMR-115.1""","PMR-115.1","GSIS","2025-02-17 08:34:03.634494","Administrator","","15","after mandatory retirement and settled",0,"PMR-115","PMR-115"
"","""PMR-115.2""","PMR-115.2","Pag-Ibig","2025-02-17 08:34:03.641090","Administrator","","15","after mandatory retirement and settled",0,"PMR-115","PMR-115"
"","""PMR-115.3""","PMR-115.3","PhilHealth","2025-02-17 08:34:03.647554","Administrator","","15","after mandatory retirement and settled",0,"PMR-115","PMR-115"
"","""PMR-116""","PMR-116","Merit Selection And Promotion Plans","2025-02-17 08:19:58.925917","Administrator","","1","after superseded",0,"PMR","PMR"
"","""PMR-117""","PMR-117","On The Job Training Files","2025-02-17 08:19:58.931707","Administrator","","","",1,"PMR","PMR"
"","""PMR-117.1""","PMR-117.1","Certificate of Completion","2025-02-17 08:34:03.656640","Administrator","","1","",0,"PMR-117","PMR-117"
"","""PMR-117.2""","PMR-117.2","Memorandum of Agreement","2025-02-17 08:34:03.664882","Administrator","","1","after Certificate of Completion has been issued",0,"PMR-117","PMR-117"
"","""PMR-117.3""","PMR-117.3","Recommendation with Students Profile","2025-02-17 08:34:03.673201","Administrator","","1","after Certificate of Completion has been issued",0,"PMR-117","PMR-117"
"","""PMR-118""","PMR-118","Performance Based Bonus Records","2025-02-17 08:19:58.937325","Administrator","","3","",0,"PMR","PMR"
"","""PMR-119""","PMR-119","Performance Files","2025-02-17 08:19:58.943760","Administrator","","","",1,"PMR","PMR"
"","""PMR-119.1""","PMR-119.1","Appraisal","2025-02-17 08:34:03.680340","Administrator","","1","after the final rating has been determined",0,"PMR-119","PMR-119"
"","""PMR-119.2""","PMR-119.2","Career Advancement through Constant Performance Appraisal Through Constant Encounter (PACE)","2025-02-17 08:34:03.688927","Administrator","","2","after the final rating has been determined",0,"PMR-119","PMR-119"
"","""PMR-119.3""","PMR-119.3","Job Fit and Behavior","2025-02-17 08:34:03.695936","Administrator","","1","after the final rating has been determined",0,"PMR-119","PMR-119"
"","""PMR-119.4""","PMR-119.4","Performance Commitment and Review","2025-02-17 08:34:03.702917","Administrator","","","",1,"PMR-119","PMR-119"
"","""PMR-119.4.1""","PMR-119.4.1","Division (DPCR)","2025-02-17 08:53:47.200738","Administrator","","5","after the final rating has been determined",0,"PMR-119.4","PMR-119.4"
"","""PMR-119.4.2""","PMR-119.4.2","Individual (IPCR)","2025-02-17 08:53:47.208894","Administrator","","1","after the final rating has been determined",0,"PMR-119.4","PMR-119.4"
"","""PMR-119.4.3""","PMR-119.4.3","Office (OPCR)","2025-02-17 08:53:47.218891","Administrator","","5","after the final rating has been determined",0,"PMR-119.4","PMR-119.4"
"","""PMR-119.5""","PMR-119.5","Performance Journal","2025-02-17 08:34:03.709798","Administrator","","1","after the final rating has been determined",0,"PMR-119","PMR-119"
"","""PMR-119.6""","PMR-119.6","Performance Monitoring Tools and Reports","2025-02-17 08:34:03.717522","Administrator","","5","after the final rating has been determined",0,"PMR-119","PMR-119"
"","""PMR-119.7""","PMR-119.7","Personnel Ranking for the Performance Based Bonus","2025-02-17 08:34:03.724460","Administrator","","3","after the final rating has been determined",0,"PMR-119","PMR-119"
"","""PMR-119.8""","PMR-119.8","Rating Cards","2025-02-17 08:34:03.731297","Administrator","","5","after the final rating has been determined",0,"PMR-119","PMR-119"
"","""PMR-119.9""","PMR-119.9","Summary Lists of Individual Performance Rating","2025-02-17 08:34:03.737965","Administrator","","2","",0,"PMR-119","PMR-119"
"","""PMR-119.10""","PMR-119.10","Target Worksheets","2025-02-17 08:34:03.745004","Administrator","","1","after the final rating has been determined",0,"PMR-119","PMR-119"
"","""PMR-120""","PMR-120","Permission to Engage In Business/Private","2025-02-17 08:19:58.949735","Administrator","","1","after expired",0,"PMR","PMR"
"","""PMR-121""","PMR-121","Reinstatements","2025-02-17 08:19:58.955416","Administrator","","5","after retired/ separated from service",0,"PMR","PMR"
"","""PMR-122""","PMR-122","Relief of Accountability","2025-02-17 08:19:58.961470","Administrator","","5","after retired/ separated from service",0,"PMR","PMR"
"","""PMR-123""","PMR-123","Salary Standardization Records","2025-02-17 08:19:58.968175","Administrator","","5","after retired/ separated from service",0,"PMR","PMR"
"","""PMR-124""","PMR-124","Personnel Folders (201 Files)","2025-02-17 08:19:58.973912","Administrator","","","",1,"PMR","PMR"
"","""PMR-124.1""","PMR-124.1","Academic Records","2025-02-17 08:34:03.751931","Administrator","","15","after retired/ separated from service",0,"PMR-124","PMR-124"
"","""PMR-124.2""","PMR-124.2","Acceptance of Resignation","2025-02-17 08:34:03.759564","Administrator","","15","after retired/ separated from service",0,"PMR-124","PMR-124"
"","""PMR-124.3""","PMR-124.3","Administrative Cases","2025-02-17 08:34:03.767218","Administrator","","15","after retired/ separated from service",0,"PMR-124","PMR-124"
"","""PMR-124.4""","PMR-124.4","Appointments","2025-02-17 08:34:03.773965","Administrator","","15","after retired/ separated from service",0,"PMR-124","PMR-124"
"","""PMR-124.5""","PMR-124.5","Approval of Retirement","2025-02-17 08:34:03.781299","Administrator","","15","after retired/ separated from service",0,"PMR-124","PMR-124"
"","""PMR-124.6""","PMR-124.6","Assumption to Duty","2025-02-17 08:34:03.788278","Administrator","","15","after retired/ separated from service",0,"PMR-124","PMR-124"
"","""PMR-124.7""","PMR-124.7","Certificates","2025-02-17 08:34:03.794917","Administrator","","","",1,"PMR-124","PMR-124"
"","""PMR-124.7.1""","PMR-124.7.1","Eligibility","2025-02-17 08:53:47.229342","Administrator","","15","after retired/ separated from service",0,"PMR-124.7","PMR-124.7"
"","""PMR-124.7.2""","PMR-124.7.2","Leave Credits","2025-02-17 08:53:47.239899","Administrator","","15","after retired/ separated from service",0,"PMR-124.7","PMR-124.7"
"","""PMR-124.8""","PMR-124.8","Clearance (Latest)","2025-02-17 08:34:03.801112","Administrator","","15","after retired/ separated from service",0,"PMR-124","PMR-124"
"","""PMR-124.9""","PMR-124.9","Notice of Salary Adjustments (Step Increment/Tranche)","2025-02-17 08:34:03.808518","Administrator","","15","after retired/ separated from service",0,"PMR-124","PMR-124"
"","""PMR-124.10""","PMR-124.10","Oath of Office","2025-02-17 08:34:03.815731","Administrator","","15","after retired/ separated from service",0,"PMR-124","PMR-124"
"","""PMR-124.11""","PMR-124.11","Personal Data Sheet (Curriculum Vitae/Resume)","2025-02-17 08:34:03.822905","Administrator","","15","after retired/ separated from service",0,"PMR-124","PMR-124"
"","""PMR-124.12""","PMR-124.12","Position Descriptions","2025-02-17 08:34:03.830111","Administrator","","15","after retired/ separated from service",0,"PMR-124","PMR-124"
"","""PMR-125""","PMR-125","Plantilla of Personnel","2025-02-17 08:19:58.979185","Administrator","","Permanent","other copies dispose after 3 years",0,"PMR","PMR"
"","""PMR-124.13""","PMR-124.13","Service Records (Updated)","2025-02-17 08:34:03.836990","Administrator","","15","after retired/ separated from service",0,"PMR-124","PMR-124"
"","""PMR-126""","PMR-126","Position Allocation Lists","2025-02-17 08:19:58.985460","Administrator","","3","",0,"PMR","PMR"
"","""PMR-124.14""","PMR-124.14","Statements of Assets, Liabilities and Networth (SALN)","2025-02-17 08:34:03.844262","Administrator","","15","after retired/ separated from service",0,"PMR-124","PMR-124"
"","""PMR-127""","PMR-127","Position Classifications and Pay Plans","2025-02-17 08:19:58.991328","Administrator","","5","after superseded",0,"PMR","PMR"
"","""PMR-128""","PMR-128","Recommendations/Referrals","2025-02-17 08:19:58.997316","Administrator","","1","after acted upon",0,"PMR","PMR"
"","""PMR-129""","PMR-129","Reports","2025-02-17 08:19:59.004002","Administrator","","","",1,"PMR","PMR"
"","""PMR-129.1""","PMR-129.1","Examinations","2025-02-17 08:34:03.851180","Administrator","","1","",0,"PMR-129","PMR-129"
"","""PMR-129.2""","PMR-129.2","Personnel Actions","2025-02-17 08:34:03.858082","Administrator","","Permanent","",0,"PMR-129","PMR-129"
"","""PMR-130""","PMR-130","Requests","2025-02-17 08:19:59.009375","Administrator","","","",1,"PMR","PMR"
"","""PMR-130.1""","PMR-130.1","Accumulated Leave Credits","2025-02-17 08:34:03.865057","Administrator","","1","after acted upon/cleared",0,"PMR-130","PMR-130"
"","""PMR-130.2""","PMR-130.2","Approval on Promotions","2025-02-17 08:34:03.873820","Administrator","","1","after acted upon/cleared",0,"PMR-130","PMR-130"
"","""PMR-130.3""","PMR-130.3","Changes of Status","2025-02-17 08:34:03.881549","Administrator","","1","after acted upon/cleared",0,"PMR-130","PMR-130"
"","""PMR-130.4""","PMR-130.4","Monetization","2025-02-17 08:34:03.888854","Administrator","","1","after acted upon/cleared",0,"PMR-130","PMR-130"
"","""PMR-130.5""","PMR-130.5","Reinstatements","2025-02-17 08:34:03.895563","Administrator","","1","after acted upon/cleared",0,"PMR-130","PMR-130"
"","""PMR-130.6""","PMR-130.6","Transfers","2025-02-17 08:34:03.902767","Administrator","","1","after acted upon/cleared",0,"PMR-130","PMR-130"
"","""PMR-131""","PMR-131","Return Service Contract","2025-02-17 08:19:59.015007","Administrator","","5","after fulfilled",0,"PMR","PMR"
"","""PMR-132""","PMR-132","Service Cards","2025-02-17 08:19:59.021135","Administrator","","Permanent","",0,"PMR","PMR"
"","""PMR-133""","PMR-133","Staffing Patterns","2025-02-17 08:19:59.026573","Administrator","","Permanent","",0,"PMR","PMR"
"","""ITR""","ITR","Information Technology Records","2025-02-14 14:56:13.351268","Administrator","","","",1,"",""
"","""ITR-134""","ITR-134","Computer Repair History Records","2025-02-17 08:19:59.033058","Administrator","","1","after equipment had been disposed",0,"ITR","ITR"
"","""ITR-135""","ITR-135","Databases","2025-02-17 08:19:59.038569","Administrator","","2","after system had been decomissioned, obsolete and migarete",0,"ITR","ITR"
"","""ITR-136""","ITR-136","Digital Media for Disaster Recovery","2025-02-17 08:19:59.044697","Administrator","","Permanent","if implemented otherwise dispose adter 5 years",0,"ITR","ITR"
"","""ITR-137""","ITR-137","Information System Strategic Plans","2025-02-17 08:19:59.054404","Administrator","","3","",0,"ITR","ITR"
"","""ITR-138""","ITR-138","Inventrries of Information and Communication Technology (ICT) Equipment","2025-02-17 08:19:59.061262","Administrator","","1","after updated",0,"ITR","ITR"
"","""ITR-139""","ITR-139","Logbooks of Releasing and Acceptance of Equipment","2025-02-17 08:19:59.068404","Administrator","","2","after date of last entry",0,"ITR","ITR"
"","""ITR-140""","ITR-140","Migration Plans","2025-02-17 08:19:59.076400","Administrator","","3","after revised",0,"ITR","ITR"
"","""ITR-141""","ITR-141","Network Layout and Diagram","2025-02-17 08:19:59.083643","Administrator","","2","after revised",0,"ITR","ITR"
"","""ITR-142""","ITR-142","Preventive Maintenance Reports","2025-02-17 08:19:59.089360","Administrator","","2","",0,"ITR","ITR"
"","""ITR-143""","ITR-143","Program/System Documentation Records","2025-02-17 08:19:59.095377","Administrator","","2","after ssytem had been decomissioned",0,"ITR","ITR"
"","""ITR-144""","ITR-144","Requests","2025-02-17 08:19:59.102508","Administrator","","1","after acted upon",0,"ITR","ITR"
"","""ITR-145""","ITR-145","Software Licenses/Certificates","2025-02-17 08:19:59.109116","Administrator","","2","after upgraded / obsolescense of software",0,"ITR","ITR"
"","""ITR-146""","ITR-146","User's Manual of Information Systems","2025-02-17 08:19:59.115264","Administrator","","3","after information system had been replaced / decomissioned",0,"ITR","ITR"
"","""LR""","LR","Legal Records","2025-02-14 14:56:34.230814","Administrator","","","",1,"",""
"","""LR-147""","LR-147","Affidavits","2025-02-17 08:19:59.121789","Administrator","","1","after purpose had been served",0,"LR","LR"
"","""LR-148""","LR-148","Articles of Incorporation/By-Laws","2025-02-17 08:19:59.128067","Administrator","","Permanent","",0,"LR","LR"
"","""LR-149""","LR-149","Cases","2025-02-17 08:19:59.133699","Administrator","","7","after finally settled except for decisions which are permanent",0,"LR","LR"
"","""LR-150""","LR-150","Certificate of No Pending Case","2025-02-17 08:19:59.139436","Administrator","","1","after issuance",0,"LR","LR"
"","""LR-151""","LR-151","Collective Negotiation Agreement (CNA)","2025-02-17 08:19:59.144979","Administrator","","1","after ameneded",0,"LR","LR"
"","""LR-152""","LR-152","Complaints/Protests","2025-02-17 08:19:59.151609","Administrator","","5","after settled",0,"LR","LR"
"","""LR-153""","LR-153","Contracts","2025-02-17 08:19:59.158404","Administrator","","5","after renewed/ terminated and / or finally settled",0,"LR","LR"
"","""LR-154""","LR-154","Decisions","2025-02-17 08:19:59.164062","Administrator","","Permanent","",0,"LR","LR"
"","""LR-155""","LR-155","Deeds of Donation/Sale","2025-02-17 08:19:59.171086","Administrator","","Permanent","",0,"LR","LR"
"","""LR-156""","LR-156","Legal Opinions","2025-02-17 08:19:59.178023","Administrator","","Permanent","",0,"LR","LR"
"","""LR-157""","LR-157","Memoranda of Agreement/Understanding","2025-02-17 08:19:59.184065","Administrator","","Permanent","",0,"LR","LR"
"","""LR-158""","LR-158","Petitions","2025-02-17 08:19:59.189811","Administrator","","5","after settled",0,"LR","LR"
"","""LR-159""","LR-159","Resolutions","2025-02-17 08:19:59.195567","Administrator","","Permanent","",0,"LR","LR"
"","""LR-160""","LR-160","Special Powers of Attorney","2025-02-17 08:19:59.202123","Administrator","","1","after purpose had been served",0,"LR","LR"
"","""LR-161""","LR-161","Subpoenas","2025-02-17 08:19:59.209133","Administrator","","","",1,"LR","LR"
"","""LR-161.1""","LR-161.1","Ad Testificandum","2025-02-17 08:34:03.910445","Administrator","","3","or to be filed with appropriate records series",0,"LR-161","LR-161"
"","""LR-161.2""","LR-161.2","Duces Tecum","2025-02-17 08:34:03.917689","Administrator","","3","or to be filed with appropriate records series",0,"LR-161","LR-161"
"","""PSR""","PSR","Procurement and Supply Records","2025-02-14 14:56:49.641964","Administrator","","","",1,"",""
"","""PSR-162""","PSR-162","Acknowledgement Receipts For Equipments (ARE)/Memorandum Receipts (MRE), Semi-Expendable And Non-Expendable Properties","2025-02-17 08:19:59.214555","Administrator","","1","after equipment had been returned/disposed",0,"PSR","PSR"
"","""PSR-163""","PSR-163","Agency Procurement Compliance And Performance Indicators","2025-02-17 08:19:59.220585","Administrator","","2","",0,"PSR","PSR"
"","""PSR-164""","PSR-164","Bid and Awards Committee Files","2025-02-17 08:19:59.226016","Administrator","","","",1,"PSR","PSR"
"","""PSR-164.1""","PSR-164.1","Abstracts","2025-02-17 08:34:03.925360","Administrator","","5","after contract of winner had been terminated / settled, other dispose after 1 year",0,"PSR-164","PSR-164"
"","""PSR-164.2""","PSR-164.2","Invitations","2025-02-17 08:34:03.931884","Administrator","","5","after contract of winner had been terminated / settled, other dispose after 1 year",0,"PSR-164","PSR-164"
"","""PSR-164.3""","PSR-164.3","Minutes","2025-02-17 08:34:03.937504","Administrator","","5","after contract of winner had been terminated / settled, other dispose after 1 year",0,"PSR-164","PSR-164"
"","""PSR-164.4""","PSR-164.4","Pre/Post Qualifications","2025-02-17 08:34:03.943216","Administrator","","5","after contract of winner had been terminated / settled, other dispose after 1 year",0,"PSR-164","PSR-164"
"","""PSR-164.5""","PSR-164.5","Publications","2025-02-17 08:34:03.949039","Administrator","","5","after contract of winner had been terminated / settled, other dispose after 1 year",0,"PSR-164","PSR-164"
"","""PSR-164.6""","PSR-164.6","Resolutions","2025-02-17 08:34:03.955031","Administrator","","5","after contract of winner had been terminated / settled, other dispose after 1 year",0,"PSR-164","PSR-164"
"","""PSR-165""","PSR-165","Bills of Lading","2025-02-17 08:19:59.232062","Administrator","","2","after delivery had been accepted",0,"PSR","PSR"
"","""PSR-166""","PSR-166","Bin/Stock Cards","2025-02-17 08:19:59.237815","Administrator","","","",1,"PSR","PSR"
"","""PSR-166.1""","PSR-166.1","Property","2025-02-17 08:34:03.961840","Administrator","","1","after property had been disposed",0,"PSR-166","PSR-166"
"","""PSR-166.2""","PSR-166.2","Supplies","2025-02-17 08:34:03.968036","Administrator","","3","after date of last entry",0,"PSR-166","PSR-166"
"","""PSR-167""","PSR-167","Canvass of Prices","2025-02-17 08:19:59.244071","Administrator","","2","",0,"PSR","PSR"
"","""PSR-168""","PSR-168","Delivery Receipts","2025-02-17 08:19:59.249970","Administrator","","2","",0,"PSR","PSR"
"","""PSR-169""","PSR-169","Disposal Committee Resolutions","2025-02-17 08:19:59.255531","Administrator","","5","after equipment had been disposed",0,"PSR","PSR"
"","""PSR-170""","PSR-170","Inventory And Inspection Reports of Properties","2025-02-17 08:19:59.262949","Administrator","","1","after property had been disposed",0,"PSR","PSR"
"","""PSR-171""","PSR-171","Inventory Files","2025-02-17 08:19:59.268764","Administrator","","","",1,"PSR","PSR"
"","""PSR-171.1""","PSR-171.1","Custodian Slips","2025-02-17 08:34:03.974163","Administrator","","1","after supply / equipment had been returned",0,"PSR-171","PSR-171"
"","""PSR-171.2""","PSR-171.2","Equipment and Supplies","2025-02-17 08:34:03.980180","Administrator","","1","after updated",0,"PSR-171","PSR-171"
"","""PSR-171.3""","PSR-171.3","Tag Cards","2025-02-17 08:34:03.986369","Administrator","","1","after updated",0,"PSR-171","PSR-171"
"","""PSR-172""","PSR-172","Invoices/Receipts","2025-02-17 08:19:59.274190","Administrator","","","",1,"PSR","PSR"
"","""PSR-172.1""","PSR-172.1","Accountable Forms (Accomplished)","2025-02-17 08:34:03.992788","Administrator","","3","after issuance of clearance had been terminated / after property had been returned",0,"PSR-172","PSR-172"
"","""PSR-172.2""","PSR-172.2","Deliveries on Supply Open-End Order Contracts","2025-02-17 08:34:03.998583","Administrator","","5","",0,"PSR-172","PSR-172"
"","""PSR-172.3""","PSR-172.3","Properties/Transfer of Properties","2025-02-17 08:34:04.005019","Administrator","","3","after issuance of clearance had been terminated / after property had been returned",0,"PSR-172","PSR-172"
"","""PSR-173""","PSR-173","Job Orders","2025-02-17 08:19:59.280338","Administrator","","1","",0,"PSR","PSR"
"","""PSR-174""","PSR-174","Lists of Supplies Under Supply Open-End","2025-02-17 08:19:59.288904","Administrator","","5","",0,"PSR","PSR"
"","""PSR-175""","PSR-175","Procurement Plans/Programs","2025-02-17 08:19:59.295062","Administrator","","","",1,"PSR","PSR"
"","""PSR-175.1""","PSR-175.1","Annual","2025-02-17 08:34:04.011000","Administrator","","3","",0,"PSR-175","PSR-175"
"","""PSR-175.2""","PSR-175.2","Project Procurement Management (PPMP)","2025-02-17 08:34:04.017286","Administrator","","3","",0,"PSR-175","PSR-175"
"","""PSR-176""","PSR-176","Property, Plant And Equipment Ledger Cards","2025-02-17 08:19:59.300532","Administrator","","2","after equipment had been disposed",0,"PSR","PSR"
"","""PSR-177""","PSR-177","Purchase Files","2025-02-17 08:19:59.307494","Administrator","","","",1,"PSR","PSR"
"","""PSR-177.1""","PSR-177.1","Orders","2025-02-17 08:34:04.024329","Administrator","","4","",0,"PSR-177","PSR-177"
"","""PSR-177.2""","PSR-177.2","Requests","2025-02-17 08:34:04.031356","Administrator","","1","",0,"PSR-177","PSR-177"
"","""PSR-178""","PSR-178","Queries on Prices of Articles, Additional Funds to Meet Quotations","2025-02-17 08:19:59.313232","Administrator","","1","",0,"PSR","PSR"
"","""PSR-179""","PSR-179","Reports","2025-02-17 08:19:59.319431","Administrator","","","",1,"PSR","PSR"
"","""PSR-179.1""","PSR-179.1","Fuel Consumption","2025-02-17 08:34:04.037521","Administrator","","2","",0,"PSR-179","PSR-179"
"","""PSR-179.2""","PSR-179.2","Incident","2025-02-17 08:34:04.043793","Administrator","","2","after acted upon",0,"PSR-179","PSR-179"
"","""PSR-179.3""","PSR-179.3","Inspection and Acceptance","2025-02-17 08:34:04.050339","Administrator","","2","",0,"PSR-179","PSR-179"
"","""PSR-179.4""","PSR-179.4","Lost, Stolen, Damaged and Destroyed Property","2025-02-17 08:34:04.056681","Administrator","","2","",0,"PSR-179","PSR-179"
"","""PSR-179.5""","PSR-179.5","Physical Count","2025-02-17 08:34:04.063078","Administrator","","","",1,"PSR-179","PSR-179"
"","""PSR-179.5.1""","PSR-179.5.1","Inventories","2025-02-17 08:53:47.250073","Administrator","","3","after audited",0,"PSR-179.5","PSR-179.5"
"","""PSR-179.5.2""","PSR-179.5.2","Property, Plant and Equipment","2025-02-17 08:53:47.259215","Administrator","","3","after audited",0,"PSR-179.5","PSR-179.5"
"","""PSR-179.5.3""","PSR-179.5.3","Semi-Expandable Property","2025-02-17 08:53:47.268602","Administrator","","3","after audited",0,"PSR-179.5","PSR-179.5"
"","""PSR-179.6""","PSR-179.6","Procurement Monitoring","2025-02-17 08:34:04.069087","Administrator","","2","",0,"PSR-179","PSR-179"
"","""PSR-179.7""","PSR-179.7","Property Transfer","2025-02-17 08:34:04.075095","Administrator","","1","after property had been disposed",0,"PSR-179","PSR-179"
"","""PSR-179.8""","PSR-179.8","Supplies and Materials Issued","2025-02-17 08:34:04.082051","Administrator","","1","",0,"PSR-179","PSR-179"
"","""PSR-179.9""","PSR-179.9","Waste Materials","2025-02-17 08:47:34.008198","Administrator","","2","",0,"PSR-179","PSR-179"
"","""PSR-180""","PSR-180","Requisition and Issue Slips/Requisition Issue Vouchers","2025-02-17 08:19:59.325590","Administrator","","1","or file with appropriate record series",0,"PSR","PSR"
"","""PSR-181""","PSR-181","Shipping and Packing Lists On Items Purchased","2025-02-17 08:19:59.331553","Administrator","","1","",0,"PSR","PSR"
"","""PSR-182""","PSR-182","Suppliers Identification Certificates With Procurement","2025-02-17 08:19:59.341200","Administrator","","2","after renewed",0,"PSR","PSR"
"","""PSR-183""","PSR-183","Supplies Files","2025-02-17 08:19:59.347249","Administrator","","","",1,"PSR","PSR"
"","""PSR-183.1""","PSR-183.1","Adjustment Sheets","2025-02-17 08:34:04.093626","Administrator","","1","after post-audited",0,"PSR-183","PSR-183"
"","""PSR-183.2""","PSR-183.2","Availability Inquiries","2025-02-17 08:34:04.100737","Administrator","","1","",0,"PSR-183","PSR-183"
"","""PSR-183.3""","PSR-183.3","Ledger Cards","2025-02-17 08:34:04.107659","Administrator","","5","",0,"PSR-183","PSR-183"
"","""PSR-183.4""","PSR-183.4","Purchase Journals","2025-02-17 08:34:04.114934","Administrator","","5","",0,"PSR-183","PSR-183"
"","""TR""","TR","Training Records","2025-02-14 14:57:04.973147","Administrator","","","",1,"",""
"","""TR-184""","TR-184","Applications","2025-02-17 08:19:59.353060","Administrator","","1","after obligatory requirement had been settled",0,"TR","TR"
"","""TR-185""","TR-185","Attendance Sheets","2025-02-17 08:19:59.358828","Administrator","","0.5","after scnned and stored to database",0,"TR","TR"
"","""TR-186""","TR-186","Calendars","2025-02-17 08:19:59.364526","Administrator","","1","after superseded",0,"TR","TR"
"","""TR-187""","TR-187","Course Designs/Outlines/Syllabi","2025-02-17 08:19:59.370396","Administrator","","1","after superseded",0,"TR","TR"
"","""TR-188""","TR-188","Evaluations","2025-02-17 08:19:59.375906","Administrator","","","",1,"TR","TR"
"","""TR-188.1""","TR-188.1","Pre/Post","2025-02-17 08:34:04.122729","Administrator","","1","after incorporated in the Summary Report",0,"TR-188","TR-188"
"","""TR-188.2""","TR-188.2","Summary","2025-02-17 08:34:04.130881","Administrator","","2","",0,"TR-188","TR-188"
"","""TR-188.3""","TR-188.3","Survey Questionnaires","2025-02-17 08:34:04.137883","Administrator","","1","after data had been evaluated",0,"TR-188","TR-188"
"","""TR-189""","TR-189","Feedback","2025-02-17 08:19:59.381207","Administrator","","1","",0,"TR","TR"
"","""TR-190""","TR-190","Handouts","2025-02-17 08:19:59.386871","Administrator","","1","after superseded",0,"TR","TR"
"","""TR-191""","TR-191","Invitations","2025-02-17 08:19:59.392124","Administrator","","1","",0,"TR","TR"
"","""TR-192""","TR-192","Lists of Seminars Conducted/Coordinated","2025-02-17 08:19:59.397202","Administrator","","1","",0,"TR","TR"
"","""TR-193""","TR-193","Masterlists of Participants","2025-02-17 08:19:59.404424","Administrator","","Permanent","",0,"TR","TR"
"","""TR-194""","TR-194","Nomination","2025-02-17 08:19:59.409893","Administrator","","1","",0,"TR","TR"
"","""TR-195""","TR-195","Press/Photo Releases (About or by the Agency)","2025-02-17 08:19:59.415468","Administrator","","Permanent","",0,"TR","TR"
"","""TR-196""","TR-196","Programs/Plans","2025-02-17 08:19:59.421201","Administrator","","1","after superseded",0,"TR","TR"
"","""TR-197""","TR-197","Reports","2025-02-17 08:19:59.426662","Administrator","","2","",0,"TR","TR"
"","""TR-198""","TR-198","Requests","2025-02-17 08:19:59.431785","Administrator","","","",1,"TR","TR"
"","""TR-198.1""","TR-198.1","In-House Trainings","2025-02-17 08:34:04.145143","Administrator","","1","after acted upon",0,"TR-198","TR-198"
"","""TR-198.2""","TR-198.2","Quotations","2025-02-17 08:34:04.153064","Administrator","","1","after acted upon",0,"TR-198","TR-198"
"","""TR-198.3""","TR-198.3","Refunds","2025-02-17 08:34:04.160136","Administrator","","1","after acted upon",0,"TR-198","TR-198"
"","""TR-199""","TR-199","Resource Speaker Profiles","2025-02-17 08:19:59.437249","Administrator","","1","",0,"TR","TR"
"","""TR-200""","TR-200","Schedules of Training/Seminar","2025-02-17 08:19:59.442291","Administrator","","1","after superseded",0,"TR","TR"
"","""TR-201""","TR-201","Workshop Results","2025-02-17 08:19:59.447650","Administrator","","1","",0,"TR","TR"
