"Column Labels:","ID","Category","From","To","Value","Created On","Created By"
"","""MAT-UOM-CNV-00001""","Length","Meter","Meter",1.0,"2025-02-11 12:34:27.376860","Administrator"
"","""MAT-UOM-CNV-00002""","Length","Meter","Barleycorn",118.11,"2025-02-11 12:34:27.380725","Administrator"
"","""MAT-UOM-CNV-00003""","Length","Meter","Calibre",39.37,"2025-02-11 12:34:27.383945","Administrator"
"","""MAT-UOM-CNV-00004""","Length","Meter","Cable Length (UK)",0.005396,"2025-02-11 12:34:27.387315","Administrator"
"","""MAT-UOM-CNV-00005""","Length","Meter","Cable Length (US)",0.004557,"2025-02-11 12:34:27.390310","Administrator"
"","""MAT-UOM-CNV-00006""","Length","Meter","Cable Length",0.0054,"2025-02-11 12:34:27.393769","Administrator"
"","""MAT-UOM-CNV-00007""","Length","Meter","Centimeter",100.0,"2025-02-11 12:34:27.396726","Administrator"
"","""MAT-UOM-CNV-00008""","Length","Meter","Chain",0.04971,"2025-02-11 12:34:27.400008","Administrator"
"","""MAT-UOM-CNV-00009""","Length","Meter","Decimeter",10.0,"2025-02-11 12:34:27.403225","Administrator"
"","""MAT-UOM-CNV-00010""","Length","Meter","Ells (UK)",0.0,"2025-02-11 12:34:27.407263","Administrator"
"","""MAT-UOM-CNV-00011""","Length","Meter","Ems(Pica)",236.222,"2025-02-11 12:34:27.410673","Administrator"
"","""MAT-UOM-CNV-00012""","Length","Meter","Fathom",0.546807,"2025-02-11 12:34:27.413916","Administrator"
"","""MAT-UOM-CNV-00013""","Length","Meter","Foot",3.28084,"2025-02-11 12:34:27.417308","Administrator"
"","""MAT-UOM-CNV-00014""","Length","Meter","Furlong",0.004971,"2025-02-11 12:34:27.420479","Administrator"
"","""MAT-UOM-CNV-00015""","Length","Meter","Hand",9.84252,"2025-02-11 12:34:27.423663","Administrator"
"","""MAT-UOM-CNV-00016""","Length","Meter","Hectometer",0.01,"2025-02-11 12:34:27.426735","Administrator"
"","""MAT-UOM-CNV-00017""","Length","Meter","Inch",39.370079,"2025-02-11 12:34:27.429931","Administrator"
"","""MAT-UOM-CNV-00018""","Length","Meter","Kilometer",0.001,"2025-02-11 12:34:27.433070","Administrator"
"","""MAT-UOM-CNV-00019""","Length","Meter","Link",4.975124,"2025-02-11 12:34:27.438181","Administrator"
"","""MAT-UOM-CNV-00020""","Length","Meter","Micrometer",1000000.0,"2025-02-11 12:34:27.441950","Administrator"
"","""MAT-UOM-CNV-00021""","Length","Meter","Mile",0.000621,"2025-02-11 12:34:27.445299","Administrator"
"","""MAT-UOM-CNV-00022""","Length","Meter","Mile (Nautical)",0.00054,"2025-02-11 12:34:27.448965","Administrator"
"","""MAT-UOM-CNV-00023""","Length","Meter","Millimeter",1000.0,"2025-02-11 12:34:27.453035","Administrator"
"","""MAT-UOM-CNV-00024""","Length","Meter","Nanometer",1000000000.0,"2025-02-11 12:34:27.456204","Administrator"
"","""MAT-UOM-CNV-00025""","Length","Meter","Rod",0.198839,"2025-02-11 12:34:27.459250","Administrator"
"","""MAT-UOM-CNV-00026""","Length","Meter","Vara",1.19303,"2025-02-11 12:34:27.463776","Administrator"
"","""MAT-UOM-CNV-00027""","Length","Meter","Versta",0.000937,"2025-02-11 12:34:27.468296","Administrator"
"","""MAT-UOM-CNV-00028""","Length","Meter","Yard",1.0936133,"2025-02-11 12:34:27.474098","Administrator"
"","""MAT-UOM-CNV-00029""","Length","Meter","Arshin",1.406074,"2025-02-11 12:34:27.477495","Administrator"
"","""MAT-UOM-CNV-00030""","Length","Meter","Sazhen",0.468691,"2025-02-11 12:34:27.481373","Administrator"
"","""MAT-UOM-CNV-00031""","Length","Meter","Medio Metro",2.0,"2025-02-11 12:34:27.485578","Administrator"
"","""MAT-UOM-CNV-00032""","Area","Square Meter","Square Meter",1.0,"2025-02-11 12:34:27.489681","Administrator"
"","""MAT-UOM-CNV-00033""","Area","Square Meter","Centiarea",1.0,"2025-02-11 12:34:27.493072","Administrator"
"","""MAT-UOM-CNV-00034""","Area","Square Meter","Manzana",0.000143,"2025-02-11 12:34:27.496392","Administrator"
"","""MAT-UOM-CNV-00035""","Area","Square Meter","Caballeria",7e-06,"2025-02-11 12:34:27.499778","Administrator"
"","""MAT-UOM-CNV-00036""","Area","Square Meter","Square Kilometer",1e-06,"2025-02-11 12:34:27.504980","Administrator"
"","""MAT-UOM-CNV-00037""","Area","Square Meter","Are",0.01,"2025-02-11 12:34:27.508442","Administrator"
"","""MAT-UOM-CNV-00038""","Area","Square Meter","Acre",0.000247,"2025-02-11 12:34:27.511537","Administrator"
"","""MAT-UOM-CNV-00039""","Area","Square Meter","Acre (US)",0.000247,"2025-02-11 12:34:27.514939","Administrator"
"","""MAT-UOM-CNV-00040""","Area","Square Meter","Hectare",0.0001,"2025-02-11 12:34:27.518158","Administrator"
"","""MAT-UOM-CNV-00041""","Area","Square Meter","Square Yard",1.19599,"2025-02-11 12:34:27.521233","Administrator"
"","""MAT-UOM-CNV-00042""","Area","Square Meter","Square Foot",10.76391,"2025-02-11 12:34:27.524469","Administrator"
"","""MAT-UOM-CNV-00043""","Area","Square Meter","Square Inch",1550.0031,"2025-02-11 12:34:27.527811","Administrator"
"","""MAT-UOM-CNV-00044""","Area","Square Meter","Square Centimeter",10000.0,"2025-02-11 12:34:27.531156","Administrator"
"","""MAT-UOM-CNV-00045""","Area","Square Meter","Square Mile",3.86e-07,"2025-02-11 12:34:27.534383","Administrator"
"","""MAT-UOM-CNV-00046""","Speed","Meter/Second","Meter/Second",1.0,"2025-02-11 12:34:27.540420","Administrator"
"","""MAT-UOM-CNV-00047""","Speed","Meter/Second","Inch/Minute",2362.204724,"2025-02-11 12:34:27.543543","Administrator"
"","""MAT-UOM-CNV-00048""","Speed","Meter/Second","Foot/Minute",196.850394,"2025-02-11 12:34:27.547232","Administrator"
"","""MAT-UOM-CNV-00049""","Speed","Meter/Second","Inch/Second",39.370079,"2025-02-11 12:34:27.550400","Administrator"
"","""MAT-UOM-CNV-00050""","Speed","Meter/Second","Kilometer/Hour",3.6,"2025-02-11 12:34:27.553574","Administrator"
"","""MAT-UOM-CNV-00051""","Speed","Meter/Second","Foot/Second",3.28084,"2025-02-11 12:34:27.556844","Administrator"
"","""MAT-UOM-CNV-00052""","Speed","Meter/Second","Mile/Hour",2.236936,"2025-02-11 12:34:27.559883","Administrator"
"","""MAT-UOM-CNV-00053""","Speed","Meter/Second","Knot",1.943844,"2025-02-11 12:34:27.563118","Administrator"
"","""MAT-UOM-CNV-00054""","Speed","Meter/Second","Mile/Minute",0.037283,"2025-02-11 12:34:27.566551","Administrator"
"","""MAT-UOM-CNV-00055""","Speed","Meter/Second","Mile/Second",0.000621,"2025-02-11 12:34:27.569931","Administrator"
"","""MAT-UOM-CNV-00056""","Mass","Kg","Carat",5000.0,"2025-02-11 12:34:27.574012","Administrator"
"","""MAT-UOM-CNV-00057""","Mass","Kg","Cental",0.022046,"2025-02-11 12:34:27.577664","Administrator"
"","""MAT-UOM-CNV-00058""","Mass","Kg","Dram",564.383391,"2025-02-11 12:34:27.581203","Administrator"
"","""MAT-UOM-CNV-00059""","Mass","Kg","Grain",15432.358353,"2025-02-11 12:34:27.584707","Administrator"
"","""MAT-UOM-CNV-00060""","Mass","Kg","Gram",1000.0,"2025-02-11 12:34:27.588219","Administrator"
"","""MAT-UOM-CNV-00061""","Mass","Kg","Hundredweight (UK)",0.019684,"2025-02-11 12:34:27.591280","Administrator"
"","""MAT-UOM-CNV-00062""","Mass","Kg","Hundredweight (US)",0.022046,"2025-02-11 12:34:27.594662","Administrator"
"","""MAT-UOM-CNV-00063""","Mass","Kg","Quintal",0.01,"2025-02-11 12:34:27.598163","Administrator"
"","""MAT-UOM-CNV-00064""","Mass","Kg","Kg",1.0,"2025-02-11 12:34:27.601201","Administrator"
"","""MAT-UOM-CNV-00065""","Mass","Kg","Microgram",1000000000.0,"2025-02-11 12:34:27.604498","Administrator"
"","""MAT-UOM-CNV-00066""","Mass","Kg","Milligram",1000000.0,"2025-02-11 12:34:27.607779","Administrator"
"","""MAT-UOM-CNV-00067""","Mass","Kg","Ounce",35.273962,"2025-02-11 12:34:27.611096","Administrator"
"","""MAT-UOM-CNV-00068""","Mass","Kg","Pood",0.061048,"2025-02-11 12:34:27.614334","Administrator"
"","""MAT-UOM-CNV-00069""","Mass","Kg","Pound",2.204623,"2025-02-11 12:34:27.617801","Administrator"
"","""MAT-UOM-CNV-00070""","Mass","Kg","Slug",0.0685218,"2025-02-11 12:34:27.621301","Administrator"
"","""MAT-UOM-CNV-00071""","Mass","Kg","Stone",0.157473,"2025-02-11 12:34:27.624796","Administrator"
"","""MAT-UOM-CNV-00072""","Mass","Kg","Tonne",0.001,"2025-02-11 12:34:27.628984","Administrator"
"","""MAT-UOM-CNV-00073""","Mass","Kg","Kip",0.002205,"2025-02-11 12:34:27.632211","Administrator"
"","""MAT-UOM-CNV-00074""","Volume","Litre","Barrel(Beer)",0.008522,"2025-02-11 12:34:27.635967","Administrator"
"","""MAT-UOM-CNV-00075""","Volume","Litre","Barrel (Oil)",0.00629,"2025-02-11 12:34:27.641297","Administrator"
"","""MAT-UOM-CNV-00076""","Volume","Litre","Bushel (UK)",0.027496,"2025-02-11 12:34:27.644791","Administrator"
"","""MAT-UOM-CNV-00077""","Volume","Litre","Bushel (US Dry Level)",0.028378,"2025-02-11 12:34:27.648199","Administrator"
"","""MAT-UOM-CNV-00078""","Volume","Litre","Centilitre",100.0,"2025-02-11 12:34:27.651500","Administrator"
"","""MAT-UOM-CNV-00079""","Volume","Litre","Cubic Centimeter",1000.0,"2025-02-11 12:34:27.654856","Administrator"
"","""MAT-UOM-CNV-00080""","Volume","Litre","Cubic Decimeter",1.0,"2025-02-11 12:34:27.658492","Administrator"
"","""MAT-UOM-CNV-00081""","Volume","Litre","Cubic Foot",0.035315,"2025-02-11 12:34:27.661785","Administrator"
"","""MAT-UOM-CNV-00082""","Volume","Litre","Cubic Inch",61.023744,"2025-02-11 12:34:27.664908","Administrator"
"","""MAT-UOM-CNV-00083""","Volume","Litre","Cubic Meter",0.001,"2025-02-11 12:34:27.667809","Administrator"
"","""MAT-UOM-CNV-00084""","Volume","Litre","Cubic Millimeter",1000000.0,"2025-02-11 12:34:27.671015","Administrator"
"","""MAT-UOM-CNV-00085""","Volume","Litre","Cubic Yard",0.001308,"2025-02-11 12:34:27.674662","Administrator"
"","""MAT-UOM-CNV-00086""","Volume","Litre","Cup",4.0,"2025-02-11 12:34:27.678257","Administrator"
"","""MAT-UOM-CNV-00087""","Volume","Litre","Decilitre",10.0,"2025-02-11 12:34:27.681506","Administrator"
"","""MAT-UOM-CNV-00088""","Volume","Litre","Fluid Ounce (UK)",35.19508,"2025-02-11 12:34:27.684294","Administrator"
"","""MAT-UOM-CNV-00089""","Volume","Litre","Fluid Ounce (US)",33.814023,"2025-02-11 12:34:27.687145","Administrator"
"","""MAT-UOM-CNV-00090""","Volume","Litre","Gallon (UK)",0.21997,"2025-02-11 12:34:27.690593","Administrator"
"","""MAT-UOM-CNV-00091""","Volume","Litre","Gallon Dry (US)",0.227021,"2025-02-11 12:34:27.693788","Administrator"
"","""MAT-UOM-CNV-00092""","Volume","Litre","Gallon Liquid (US)",0.264172,"2025-02-11 12:34:27.696892","Administrator"
"","""MAT-UOM-CNV-00093""","Volume","Litre","Litre",1.0,"2025-02-11 12:34:27.700711","Administrator"
"","""MAT-UOM-CNV-00094""","Volume","Litre","Millilitre",1000.0,"2025-02-11 12:34:27.703655","Administrator"
"","""MAT-UOM-CNV-00095""","Volume","Litre","Peck",0.113511,"2025-02-11 12:34:27.707679","Administrator"
"","""MAT-UOM-CNV-00096""","Volume","Litre","Pint (UK)",1.759754,"2025-02-11 12:34:27.711039","Administrator"
"","""MAT-UOM-CNV-00097""","Volume","Litre","Pint, Dry (US)",1.816166,"2025-02-11 12:34:27.713964","Administrator"
"","""MAT-UOM-CNV-00098""","Volume","Litre","Pint, Liquid (US)",2.113376,"2025-02-11 12:34:27.717255","Administrator"
"","""MAT-UOM-CNV-00099""","Volume","Litre","Quart (UK)",0.879877,"2025-02-11 12:34:27.721035","Administrator"
"","""MAT-UOM-CNV-00100""","Volume","Litre","Quart Dry (US)",0.908083,"2025-02-11 12:34:27.724238","Administrator"
"","""MAT-UOM-CNV-00101""","Volume","Litre","Quart Liquid (US)",1.056688,"2025-02-11 12:34:27.727501","Administrator"
"","""MAT-UOM-CNV-00102""","Volume","Litre","Tablespoon (US)",67.628045,"2025-02-11 12:34:27.730658","Administrator"
"","""MAT-UOM-CNV-00103""","Volume","Litre","Teaspoon",202.884136,"2025-02-11 12:34:27.733632","Administrator"
"","""MAT-UOM-CNV-00104""","Time","Second","Day",1.1574e-05,"2025-02-11 12:34:27.738750","Administrator"
"","""MAT-UOM-CNV-00105""","Time","Second","Hour",0.000277778,"2025-02-11 12:34:27.741944","Administrator"
"","""MAT-UOM-CNV-00106""","Time","Second","Minute",0.016667,"2025-02-11 12:34:27.745086","Administrator"
"","""MAT-UOM-CNV-00107""","Time","Second","Second",1.0,"2025-02-11 12:34:27.748830","Administrator"
"","""MAT-UOM-CNV-00108""","Time","Second","Millisecond",1000.0,"2025-02-11 12:34:27.753705","Administrator"
"","""MAT-UOM-CNV-00109""","Time","Second","Microsecond",1000000.0,"2025-02-11 12:34:27.757460","Administrator"
"","""MAT-UOM-CNV-00110""","Time","Second","Nanosecond",1000000000.0,"2025-02-11 12:34:27.761018","Administrator"
"","""MAT-UOM-CNV-00111""","Time","Second","Week",1.653e-06,"2025-02-11 12:34:27.764732","Administrator"
"","""MAT-UOM-CNV-00112""","Pressure","Pascal","Atmosphere",9.869e-06,"2025-02-11 12:34:27.768575","Administrator"
"","""MAT-UOM-CNV-00113""","Pressure","Pascal","Pascal",1.0,"2025-02-11 12:34:27.772237","Administrator"
"","""MAT-UOM-CNV-00114""","Pressure","Pascal","Bar",1e-05,"2025-02-11 12:34:27.775492","Administrator"
"","""MAT-UOM-CNV-00115""","Pressure","Pascal","Foot Of Water",0.000334562,"2025-02-11 12:34:27.779896","Administrator"
"","""MAT-UOM-CNV-00116""","Pressure","Pascal","Hectopascal",0.01,"2025-02-11 12:34:27.782981","Administrator"
"","""MAT-UOM-CNV-00117""","Pressure","Pascal","Iches Of Water",0.00401474,"2025-02-11 12:34:27.786673","Administrator"
"","""MAT-UOM-CNV-00118""","Pressure","Pascal","Inches Of Mercury",0.0002953,"2025-02-11 12:34:27.789800","Administrator"
"","""MAT-UOM-CNV-00119""","Pressure","Pascal","Kilopascal",0.001,"2025-02-11 12:34:27.792536","Administrator"
"","""MAT-UOM-CNV-00120""","Pressure","Pascal","Meter Of Water",0.00010197,"2025-02-11 12:34:27.795243","Administrator"
"","""MAT-UOM-CNV-00121""","Pressure","Pascal","Microbar",10.0,"2025-02-11 12:34:27.798758","Administrator"
"","""MAT-UOM-CNV-00122""","Pressure","Pascal","Milibar",0.01,"2025-02-11 12:34:27.802815","Administrator"
"","""MAT-UOM-CNV-00123""","Pressure","Pascal","Millimeter Of Mercury",0.007501,"2025-02-11 12:34:27.806074","Administrator"
"","""MAT-UOM-CNV-00124""","Pressure","Pascal","Millimeter Of Water",0.101974,"2025-02-11 12:34:27.808897","Administrator"
"","""MAT-UOM-CNV-00125""","Pressure","Pascal","Technical Atmosphere",1.0197e-05,"2025-02-11 12:34:27.811890","Administrator"
"","""MAT-UOM-CNV-00126""","Pressure","Pascal","Torr",0.007500615,"2025-02-11 12:34:27.814932","Administrator"
"","""MAT-UOM-CNV-00127""","Force","Newton","Dyne",100000.0,"2025-02-11 12:34:27.819734","Administrator"
"","""MAT-UOM-CNV-00128""","Force","Newton","Gram-Force",101.971621298,"2025-02-11 12:34:27.823084","Administrator"
"","""MAT-UOM-CNV-00129""","Force","Newton","Joule/Meter",1.0,"2025-02-11 12:34:27.826198","Administrator"
"","""MAT-UOM-CNV-00130""","Force","Newton","Kilogram-Force",0.101971621,"2025-02-11 12:34:27.829639","Administrator"
"","""MAT-UOM-CNV-00131""","Force","Newton","Kilopond",0.101971621,"2025-02-11 12:34:27.832943","Administrator"
"","""MAT-UOM-CNV-00132""","Force","Newton","Kilopound-Force",0.000224809,"2025-02-11 12:34:27.836017","Administrator"
"","""MAT-UOM-CNV-00133""","Force","Newton","Newton",1.0,"2025-02-11 12:34:27.839071","Administrator"
"","""MAT-UOM-CNV-00134""","Force","Newton","Ounce-Force",3.59694309,"2025-02-11 12:34:27.842126","Administrator"
"","""MAT-UOM-CNV-00135""","Force","Newton","Pond",101.9716213,"2025-02-11 12:34:27.844956","Administrator"
"","""MAT-UOM-CNV-00136""","Force","Newton","Pound-Force",0.224808943,"2025-02-11 12:34:27.847976","Administrator"
"","""MAT-UOM-CNV-00137""","Force","Newton","Poundal",7.23301408,"2025-02-11 12:34:27.851425","Administrator"
"","""MAT-UOM-CNV-00138""","Force","Newton","Tonne-Force(Metric)",0.000101972,"2025-02-11 12:34:27.854672","Administrator"
"","""MAT-UOM-CNV-00139""","Force","Newton","Ton-Force (UK)",0.000100361,"2025-02-11 12:34:27.858168","Administrator"
"","""MAT-UOM-CNV-00140""","Force","Newton","Ton-Force (US)",0.000112404,"2025-02-11 12:34:27.861463","Administrator"
"","""MAT-UOM-CNV-00141""","Energy","Joule","Btu (It)",0.000947817,"2025-02-11 12:34:27.868950","Administrator"
"","""MAT-UOM-CNV-00142""","Energy","Joule","Btu (Th)",0.000948452,"2025-02-11 12:34:27.874446","Administrator"
"","""MAT-UOM-CNV-00143""","Energy","Joule","Btu (Mean)",0.000947086,"2025-02-11 12:34:27.877752","Administrator"
"","""MAT-UOM-CNV-00144""","Energy","Joule","Calorie (It)",0.238845897,"2025-02-11 12:34:27.881618","Administrator"
"","""MAT-UOM-CNV-00145""","Energy","Joule","Calorie (Th)",0.239005736,"2025-02-11 12:34:27.884664","Administrator"
"","""MAT-UOM-CNV-00146""","Energy","Joule","Calorie (Mean)",0.238662345,"2025-02-11 12:34:27.887565","Administrator"
"","""MAT-UOM-CNV-00147""","Energy","Joule","Calorie (Food)",0.000238892,"2025-02-11 12:34:27.891348","Administrator"
"","""MAT-UOM-CNV-00148""","Energy","Joule","Erg",10000000.0,"2025-02-11 12:34:27.894689","Administrator"
"","""MAT-UOM-CNV-00149""","Energy","Joule","Horsepower-Hours",3.73e-07,"2025-02-11 12:34:27.897930","Administrator"
"","""MAT-UOM-CNV-00150""","Energy","Joule","Inch Pound-Force",8.850745791,"2025-02-11 12:34:27.901244","Administrator"
"","""MAT-UOM-CNV-00151""","Energy","Joule","Joule",1.0,"2025-02-11 12:34:27.904484","Administrator"
"","""MAT-UOM-CNV-00152""","Energy","Joule","Kilojoule",0.0011,"2025-02-11 12:34:27.907544","Administrator"
"","""MAT-UOM-CNV-00153""","Energy","Joule","Kilocalorie",0.000239006,"2025-02-11 12:34:27.911506","Administrator"
"","""MAT-UOM-CNV-00154""","Energy","Joule","Kilowatt-Hour",2.78e-07,"2025-02-11 12:34:27.914857","Administrator"
"","""MAT-UOM-CNV-00155""","Energy","Joule","Litre-Atmosphere",0.0098692,"2025-02-11 12:34:27.917898","Administrator"
"","""MAT-UOM-CNV-00156""","Energy","Joule","Megajoule",1e-06,"2025-02-11 12:34:27.920666","Administrator"
"","""MAT-UOM-CNV-00157""","Energy","Joule","Watt-Hour",0.000277778,"2025-02-11 12:34:27.924423","Administrator"
"","""MAT-UOM-CNV-00158""","Power","Watt","Btu/Hour",3.41214245,"2025-02-11 12:34:27.928217","Administrator"
"","""MAT-UOM-CNV-00159""","Power","Watt","Btu/Minutes",0.056869027,"2025-02-11 12:34:27.931663","Administrator"
"","""MAT-UOM-CNV-00160""","Power","Watt","Btu/Seconds",0.000947817,"2025-02-11 12:34:27.934671","Administrator"
"","""MAT-UOM-CNV-00161""","Power","Watt","Calorie/Seconds",0.238845897,"2025-02-11 12:34:27.937502","Administrator"
"","""MAT-UOM-CNV-00162""","Power","Watt","Horsepower",0.001341022,"2025-02-11 12:34:27.940713","Administrator"
"","""MAT-UOM-CNV-00163""","Power","Watt","Kilowatt",0.001,"2025-02-11 12:34:27.944799","Administrator"
"","""MAT-UOM-CNV-00164""","Power","Watt","Megawatt",1e-06,"2025-02-11 12:34:27.949919","Administrator"
"","""MAT-UOM-CNV-00165""","Power","Watt","Volt-Ampere",1.0,"2025-02-11 12:34:27.954377","Administrator"
"","""MAT-UOM-CNV-00166""","Power","Watt","Watt",1.0,"2025-02-11 12:34:27.958026","Administrator"
"","""MAT-UOM-CNV-00167""","Density","Gram/Litre","Centigram/Litre",100.0,"2025-02-11 12:34:27.965900","Administrator"
"","""MAT-UOM-CNV-00168""","Density","Gram/Litre","Decigram/Litre",10.0,"2025-02-11 12:34:27.969149","Administrator"
"","""MAT-UOM-CNV-00169""","Density","Gram/Litre","Dekagram/Litre",0.1,"2025-02-11 12:34:27.972426","Administrator"
"","""MAT-UOM-CNV-00170""","Density","Gram/Litre","Hectogram/Litre",0.01,"2025-02-11 12:34:27.976419","Administrator"
"","""MAT-UOM-CNV-00171""","Density","Gram/Litre","Gram/Cubic Meter",1000.0,"2025-02-11 12:34:27.979636","Administrator"
"","""MAT-UOM-CNV-00172""","Density","Gram/Litre","Gram/Cubic Centimeter",0.001,"2025-02-11 12:34:27.982801","Administrator"
"","""MAT-UOM-CNV-00173""","Density","Gram/Litre","Gram/Cubic Millimeter",1e-06,"2025-02-11 12:34:27.986178","Administrator"
"","""MAT-UOM-CNV-00174""","Density","Gram/Litre","Gram/Litre",1.0,"2025-02-11 12:34:27.989454","Administrator"
"","""MAT-UOM-CNV-00175""","Density","Gram/Litre","Grain/Gallon (US)",58.4178306,"2025-02-11 12:34:27.993084","Administrator"
"","""MAT-UOM-CNV-00176""","Density","Gram/Litre","Grain/Gallon (UK)",70.156887638,"2025-02-11 12:34:27.996174","Administrator"
"","""MAT-UOM-CNV-00177""","Density","Gram/Litre","Grain/Cubic Foot",436.996,"2025-02-11 12:34:27.999274","Administrator"
"","""MAT-UOM-CNV-00178""","Density","Gram/Litre","Kilogram/Cubic Meter",1.0,"2025-02-11 12:34:28.002708","Administrator"
"","""MAT-UOM-CNV-00179""","Density","Gram/Litre","Kilogram/Cubic Centimeter",1e-06,"2025-02-11 12:34:28.005824","Administrator"
"","""MAT-UOM-CNV-00180""","Density","Gram/Litre","Kilogram/Litre",0.001,"2025-02-11 12:34:28.008998","Administrator"
"","""MAT-UOM-CNV-00181""","Density","Gram/Litre","Milligram/Cubic Meter",1000000.0,"2025-02-11 12:34:28.011797","Administrator"
"","""MAT-UOM-CNV-00182""","Density","Gram/Litre","Milligram/Cubic Centimeter",1.0,"2025-02-11 12:34:28.015317","Administrator"
"","""MAT-UOM-CNV-00183""","Density","Gram/Litre","Milligram/Cubic Millimeter",0.001,"2025-02-11 12:34:28.018220","Administrator"
"","""MAT-UOM-CNV-00184""","Density","Gram/Litre","Megagram/Litre",1e-06,"2025-02-11 12:34:28.022140","Administrator"
"","""MAT-UOM-CNV-00185""","Density","Gram/Litre","Milligram/Litre",1000.0,"2025-02-11 12:34:28.025930","Administrator"
"","""MAT-UOM-CNV-00186""","Density","Gram/Litre","Microgram/Litre",1000000.0,"2025-02-11 12:34:28.028801","Administrator"
"","""MAT-UOM-CNV-00187""","Density","Gram/Litre","Nanogram/Litre",1000000000.0,"2025-02-11 12:34:28.031929","Administrator"
"","""MAT-UOM-CNV-00188""","Density","Gram/Litre","Ounce/Cubic Inch",0.000578037,"2025-02-11 12:34:28.034866","Administrator"
"","""MAT-UOM-CNV-00189""","Density","Gram/Litre","Ounce/Cubic Foot",0.998847369,"2025-02-11 12:34:28.038026","Administrator"
"","""MAT-UOM-CNV-00190""","Density","Gram/Litre","Ounce/Gallon (US)",0.133526471,"2025-02-11 12:34:28.041038","Administrator"
"","""MAT-UOM-CNV-00191""","Density","Gram/Litre","Ounce/Gallon (UK)",0.160358605,"2025-02-11 12:34:28.043982","Administrator"
"","""MAT-UOM-CNV-00192""","Density","Gram/Litre","Pound/Cubic Inch",3.6127e-05,"2025-02-11 12:34:28.047022","Administrator"
"","""MAT-UOM-CNV-00193""","Density","Gram/Litre","Pound/Cubic Foot",0.062427961,"2025-02-11 12:34:28.050207","Administrator"
"","""MAT-UOM-CNV-00194""","Density","Gram/Litre","Pound/Cubic Yard",1.685554936,"2025-02-11 12:34:28.053378","Administrator"
"","""MAT-UOM-CNV-00195""","Density","Gram/Litre","Pound/Gallon (US)",0.008345404,"2025-02-11 12:34:28.056835","Administrator"
"","""MAT-UOM-CNV-00196""","Density","Gram/Litre","Pound/Gallon (UK)",0.010022413,"2025-02-11 12:34:28.059642","Administrator"
"","""MAT-UOM-CNV-00197""","Density","Gram/Litre","Psi/1000 Feet",0.433527504,"2025-02-11 12:34:28.062794","Administrator"
"","""MAT-UOM-CNV-00198""","Density","Gram/Litre","Slug/Cubic Foot",0.00194032,"2025-02-11 12:34:28.066405","Administrator"
"","""MAT-UOM-CNV-00199""","Density","Gram/Litre","Ton (Short)/Cubic Yard",0.000842778,"2025-02-11 12:34:28.072157","Administrator"
"","""MAT-UOM-CNV-00200""","Density","Gram/Litre","Ton (Long)/Cubic Yard",0.00075248,"2025-02-11 12:34:28.075736","Administrator"
"","""MAT-UOM-CNV-00201""","Temperature","Celsius","Celsius",1.0,"2025-02-11 12:34:28.079509","Administrator"
"","""MAT-UOM-CNV-00202""","Temperature","Celsius","Fahrenheit",33.8,"2025-02-11 12:34:28.082848","Administrator"
"","""MAT-UOM-CNV-00203""","Temperature","Celsius","Kelvin",274.15,"2025-02-11 12:34:28.086593","Administrator"
"","""MAT-UOM-CNV-00204""","Frequency and Wavelength","Hertz","Cycle/Second",1.0,"2025-02-11 12:34:28.091321","Administrator"
"","""MAT-UOM-CNV-00205""","Frequency and Wavelength","Hertz","Nanohertz",1000000000.0,"2025-02-11 12:34:28.097497","Administrator"
"","""MAT-UOM-CNV-00206""","Frequency and Wavelength","Hertz","Millihertz",1000.0,"2025-02-11 12:34:28.101179","Administrator"
"","""MAT-UOM-CNV-00207""","Frequency and Wavelength","Hertz","Hertz",1.0,"2025-02-11 12:34:28.104718","Administrator"
"","""MAT-UOM-CNV-00208""","Frequency and Wavelength","Hertz","Kilohertz",0.001,"2025-02-11 12:34:28.107983","Administrator"
"","""MAT-UOM-CNV-00209""","Frequency and Wavelength","Hertz","Megahertz",1e-06,"2025-02-11 12:34:28.110933","Administrator"
"","""MAT-UOM-CNV-00210""","Frequency and Wavelength","Hertz","Wavelength In Gigametres",0.299792458,"2025-02-11 12:34:28.113779","Administrator"
"","""MAT-UOM-CNV-00211""","Frequency and Wavelength","Hertz","Wavelength In Megametres",299.792458,"2025-02-11 12:34:28.117416","Administrator"
"","""MAT-UOM-CNV-00212""","Frequency and Wavelength","Hertz","Wavelength In Kilometres",299792.458,"2025-02-11 12:34:28.120478","Administrator"
"","""MAT-UOM-CNV-00213""","Electrical Charge","Coulomb","Ampere-Hour",0.000277778,"2025-02-11 12:34:28.124716","Administrator"
"","""MAT-UOM-CNV-00214""","Electrical Charge","Coulomb","Ampere-Minute",0.016666667,"2025-02-11 12:34:28.127572","Administrator"
"","""MAT-UOM-CNV-00215""","Electrical Charge","Coulomb","Ampere-Second",1.0,"2025-02-11 12:34:28.131273","Administrator"
"","""MAT-UOM-CNV-00216""","Electrical Charge","Coulomb","Coulomb",1.0,"2025-02-11 12:34:28.134767","Administrator"
"","""MAT-UOM-CNV-00217""","Electrical Charge","Coulomb","EMU Of Charge",0.1,"2025-02-11 12:34:28.138050","Administrator"
"","""MAT-UOM-CNV-00218""","Electrical Charge","Coulomb","Faraday",1.0364e-05,"2025-02-11 12:34:28.141791","Administrator"
"","""MAT-UOM-CNV-00219""","Electrical Charge","Coulomb","Kilocoulomb",0.001,"2025-02-11 12:34:28.145120","Administrator"
"","""MAT-UOM-CNV-00220""","Electrical Charge","Coulomb","Megacoulomb",1e-06,"2025-02-11 12:34:28.148410","Administrator"
"","""MAT-UOM-CNV-00221""","Electrical Charge","Coulomb","Millicoulomb",1000.0,"2025-02-11 12:34:28.151634","Administrator"
"","""MAT-UOM-CNV-00222""","Electrical Charge","Coulomb","Nanocoulomb",1000000000.0,"2025-02-11 12:34:28.154656","Administrator"
"","""MAT-UOM-CNV-00223""","Electric Current","Ampere","Ampere",1.0,"2025-02-11 12:34:28.160665","Administrator"
"","""MAT-UOM-CNV-00224""","Electric Current","Ampere","Abampere",0.1,"2025-02-11 12:34:28.164198","Administrator"
"","""MAT-UOM-CNV-00225""","Electric Current","Ampere","Biot",0.1,"2025-02-11 12:34:28.167819","Administrator"
"","""MAT-UOM-CNV-00226""","Electric Current","Ampere","EMU of current",0.1,"2025-02-11 12:34:28.171178","Administrator"
"","""MAT-UOM-CNV-00227""","Electric Current","Ampere","Kiloampere",0.001,"2025-02-11 12:34:28.174761","Administrator"
"","""MAT-UOM-CNV-00228""","Electric Current","Ampere","Milliampere",1000.0,"2025-02-11 12:34:28.178264","Administrator"
"","""MAT-UOM-CNV-00229""","Magnetic Induction","Gauss","Gamma",100000.0,"2025-02-11 12:34:28.188034","Administrator"
"","""MAT-UOM-CNV-00230""","Magnetic Induction","Gauss","Gauss",1.0,"2025-02-11 12:34:28.191237","Administrator"
"","""MAT-UOM-CNV-00231""","Magnetic Induction","Gauss","Tesla",0.0001,"2025-02-11 12:34:28.194877","Administrator"
"","""MAT-UOM-CNV-00232""","Agriculture","Percent","Percent",1.0,"2025-02-11 12:34:28.198919","Administrator"
"","""MAT-UOM-CNV-00233""","Agriculture","Percent","Parts Per Million",10000.0,"2025-02-11 12:34:28.202130","Administrator"
"","""MAT-UOM-CNV-00234""","Mass","Pound","Ounce",16.0,"2025-02-11 12:34:28.205387","Administrator"
"","""MAT-UOM-CNV-00235""","Mass","Gram","Ounce",0.035274,"2025-02-11 12:34:28.209061","Administrator"
